record,day,press_release,topic,year,category,outcome,region,record_number
S/PV.3326,6-Jan,SC/5770,Rwanda,1994,0,S/RES/893 (1994),4,3326
S/PV.3329,14-Jan,SC/5775,South Africa,1994,0,S/RES/894 (1994),4,3329
S/PV.3331,28-Jan,SC/5779,Middle East  UNIFIL,1994,0,S/RES/895 (1994),3,3331
S/PV.3332,31-Jan,SC/5780,Georgia,1994,0,S/RES/896 (1994),5,3332
S/PV.3334,4-Feb,SC/5782,Somalia,1994,1,S/RES/897 (1994),4,3334
S/PV.3338,23-Feb,SC/5791,Mozambique,1994,0,S/RES/898 (1994),4,3338
S/PV.3343,4-Mar,SC/5799,Iraq-Kuwait,1994,1,S/RES/899 (1994),3,3343
S/PV.3344,4-Mar,SC/5800,Bosnia and Herzegovina,1994,1,S/RES/900 (1994),5,3344
S/PV.3345,4-Mar,SC/5801,Georgia,1994,0,S/RES/901 (1994),5,3345
S/PV.3347,11-Mar,SC/5804,Cyprus,1994,0,S/RES/902 (1994),5,3347
S/PV.3350,16-Mar,SC/5807,Angola,1994,0,S/RES/903 (1994),4,3350
S/PV.3351,18-Mar,SC/5808,The situation in the occupied Arab territories,1994,0,S/RES/904 (1994),3,3351
S/PV.3352,23-Mar,SC/5809,Haiti,1994,0,S/RES/905 (1994),6,3352
S/PV.3354,25-Mar,SC/5812 + Corr.1,Georgia,1994,0,S/RES/906 (1994),5,3354
S/PV.3355,29-Mar,SC/5814,Western Sahara,1994,0,S/RES/907 (1994),3,3355
S/PV.3356,31-Mar,SC/5815,United Nations Protection Force,1994,1,S/RES/908 (1994),5,3356
S/PV.3358,5-Apr,SC/5819,Rwanda,1994,0,S/RES/909 (1994),4,3358
S/PV.3363,14-Apr,SC/5824,Aouzou strip,1994,1,S/RES/910 (1994),3,3363
S/PV.3366,21-Apr,SC/5829,Liberia,1994,0,S/RES/911 (1994),4,3366
S/PV.3367,21-Apr,SC/5830,Bosnia and Herzegovina,1994,1,S/RES/913 (1994),5,3367
S/PV.3368,21-Apr,SC/5831,Rwanda,1994,0,S/RES/912 (1994),4,3368
S/PV.3369,27-Apr,SC/5832,United Nations Protection Force,1994,1,S/RES/914 (1994),5,3369
S/PV.3373,4-May,SC/5838,Aouzou strip,1994,0,S/RES/915 (1994),3,3373
S/PV.3375,5-May,SC/5840 + Corr.1,Mozambique,1994,0,S/RES/916 (1994),4,3375
S/PV.3376,6-May,SC/5841,Haiti,1994,1,S/RES/917 (1994),6,3376
S/PV.3377,16-May,SC/5843,Rwanda,1994,1,S/RES/918 (1994),4,3377
S/PV.3379,25-May,SC/5845,South Africa,1994,1,S/RES/919 (1994),4,3379
S/PV.3381,26-May,SC/5848,El Salvador,1994,0,S/RES/920 (1994),6,3381
S/PV.3382,26-May,SC/5849,The situation in the Middle East  UNDOF,1994,0,S/RES/921 (1994),3,3382
S/PV.3384+Corr.1,31-May,SC/5852,Angola,1994,0,S/RES/922 (1994),4,3384+Corr
S/PV.3385,31-May,SC/5853,Somalia,1994,1,S/RES/923 (1994),4,3385
S/PV.3386,1-Jun,SC/5854,Yemen,1994,0,S/RES/924 (1994),3,3386
S/PV.3388+Corr.1,8-Jun,SC/5856,Rwanda,1994,0,S/RES/925 (1994),4,3388+Corr
S/PV.3389,13-Jun,SC/5859,Aouzou strip,1994,1,S/RES/926 (1994),3,3389
S/PV.3390,15-Jun,SC/5861,Cyprus,1994,0,S/RES/927 (1994),5,3390
S/PV.3391,20-Jun,SC/5863,Rwanda,1994,0,S/RES/928 (1994),4,3391
S/PV.3392+Corr.1,22-Jun,SC/5864,Rwanda,1994,1,S/RES/929 (1994),4,3392+Corr
S/PV.3393,27-Jun,SC/5865,South Africa,1994,0,S/RES/930 (1994),4,3393
S/PV.3394,29-Jun,SC/5866,Yemen,1994,0,S/RES/931 (1994),3,3394
S/PV.3395,30-Jun,SC/5867,Angola,1994,0,S/RES/932 (1994),4,3395
S/PV.3397,30-Jun,SC/5870,Haiti,1994,0,S/RES/933 (1994),6,3397
S/PV.3398,30-Jun,SC/5871,Georgia,1994,0,S/RES/934 (1994),5,3398
S/PV.3400,1-Jul,SC/5873,Rwanda,1994,0,S/RES/935 (1994),4,3400
S/PV.3401,8-Jul,SC/5874,International Tribunal  Yugoslavia,1994,0,S/RES/936 (1994),5,3401
S/PV.3407,21-Jul,SC/5880,Georgia,1994,0,S/RES/937 (1994),5,3407
S/PV.3409,28-Jul,SC/5882,Middle East  UNIFIL,1994,0,S/RES/938 (1994),3,3409
S/PV.3412,29-Jul,SC/5885,Cyprus,1994,0,S/RES/939 (1994),5,3412
S/PV.3413,31-Jul,SC/5887,Haiti,1994,1,S/RES/940 (1994),6,3413
S/PV.3428,23-Sep,SC/5904,The situation in the former Yugoslavia,1994,1,S/RES/943 (1994),5,3428
S/PV.3430,29-Sep,SC/5906,Haiti,1994,1,S/RES/944 (1994),6,3430
S/PV.3431,29-Sep,SC/5907,Angola,1994,0,S/RES/945 (1994),4,3431
S/PV.3432,30-Sep,SC/5909,Somalia,1994,0,S/RES/946 (1994),4,3432
S/PV.3434+Corr.1,30-Sep,SC/5911,United Nations Protection Force,1994,1,S/RES/947 (1994),5,3434+Corr
S/PV.3437,15-Oct,SC/5914,Haiti,1994,0,S/RES/948 (1994),6,3437
S/PV.3438,15-Oct,SC/5915,Iraq-Kuwait,1994,1,S/RES/949 (1994),3,3438
S/PV.3442,21-Oct,SC/5919,Liberia,1994,1,S/RES/950 (1994),4,3442
S/PV.3445,27-Oct,SC/5923,Angola,1994,0,S/RES/952 (1994),4,3445
S/PV.3446,31-Oct,SC/5924,Somalia,1994,0,S/RES/953 (1994),4,3446
S/PV.3447,4-Nov,SC/5926,Somalia,1994,1,S/RES/954 (1994),4,3447
S/PV.3453,8-Nov,SC/5932,International Tribunal  Rwanda,1994,1,S/RES/955 (1994),4,3453
S/PV.3455,10-Nov,SC/5935,Trusteeship System  Palau,1994,0,S/RES/956 (1994),2,3455
S/PV.3458,15-Nov,SC/5938,Mozambique,1994,0,S/RES/957 (1994),4,3458
S/PV.3461,19-Nov,SC/5943,Bosnia and Herzegovina-Croatia,1994,1,S/RES/958 (1994),5,3461
S/PV.3462,19-Nov,SC/5944,Bosnia and Herzegovina-Croatia,1994,0,S/RES/959 (1994),5,3462
S/PV.3464,21-Nov,SC/5945,Mozambique,1994,0,S/RES/960 (1994),4,3464
S/PV.3465,23-Nov,SC/5947,El Salvador,1994,0,S/RES/961 (1994),6,3465
S/PV.3467,29-Nov,SC/5949,The situation in the Middle East  UNDOF,1994,0,S/RES/962 (1994),3,3467
S/PV.3470,29-Nov,SC/5952,Haiti,1994,0,S/RES/964 (1994),6,3470
S/PV.3473,30-Nov,SC/5956,Rwanda,1994,0,S/RES/965 (1994),4,3473
S/PV.3477,8-Dec,SC/5961,Angola,1994,0,S/RES/966 (1994),4,3477
S/PV.3480,14-Dec,SC/5965,Federal Republic of Yugoslavia (Serbia and Montenegro)  Sanctions,1994,0,S/RES/967 (1994),5,3480
S/PV.3482,16-Dec,SC/5968,Tajikistan,1994,0,S/RES/968 (1994),1,3482
S/PV.3484,21-Dec,SC/5970,Cyprus,1994,0,S/RES/969 (1994),5,3484
S/PV.3487,12-Jan,SC/5977,Federal Republic of Yugoslavia (Serbia and Montenegro)  Sanctions,1995,1,S/RES/970 (1995),5,3487
S/PV.3488,12-Jan,SC/5978,Georgia,1995,0,S/RES/971 (1995),5,3488
S/PV.3489,13-Jan,SC/5979,Liberia,1995,0,S/RES/972 (1995),4,3489
S/PV.3490,13-Jan,SC/5980,Western Sahara,1995,0,S/RES/973 (1995),3,3490
S/PV.3495,30-Jan,SC/5987,Middle East  UNIFIL,1995,0,S/RES/974 (1995),3,3495
S/PV.3496,30-Jan,SC/5988,Haiti,1995,0,S/RES/975 (1995),6,3496
S/PV.3499 (Resumption 1),8-Feb,SC/5995,Angola,1995,0,S/RES/976 (1995),4,3499 (Resumption 1)
S/PV.3502,22-Feb,SC/5998,International Tribunal  Rwanda,1995,0,S/RES/977 (1995),4,3502
S/PV.3504,27-Feb,SC/6000,International Tribunal  Rwanda,1995,0,S/RES/978 (1995),4,3504
S/PV.3512,31-Mar,SC/6010,The situation in the former Yugoslavia,1995,0,S/RES/983 (1995),5,3512
S/PV.3514,11-Apr,SC/6013,Aggression against non-nuclear weapon states,1995,0,S/RES/984 (1995),0,3514
S/PV.3517,13-Apr,SC/6016,Liberia,1995,1,S/RES/985 (1995),4,3517
S/PV.3519,14-Apr,SC/6018,Iraq-Kuwait,1995,1,S/RES/986 (1995),3,3519
S/PV.3521,19-Apr,SC/6020,United Nations Protection Force,1995,0,S/RES/987 (1995),5,3521
S/PV.3522,21-Apr,SC/6021,Federal Republic of Yugoslavia (Serbia and Montenegro)  Sanctions,1995,1,S/RES/988 (1995),5,3522
S/PV.3524,24-Apr,SC/6023,International Tribunal  Rwanda,1995,0,S/RES/989 (1995),4,3524
S/PV.3527,28-Apr,SC/6026,Croatia,1995,1,S/RES/990 (1995),5,3527
S/PV.3528+Corr.1,28-Apr,SC/6027,El Salvador,1995,0,S/RES/991 (1995),6,3528+Corr
S/PV.3533,11-May,SC/6036,Navigation on the Danube River,1995,1,S/RES/992 (1995),5,3533
S/PV.3535,12-May,SC/6038,Georgia,1995,0,S/RES/993 (1995),5,3535
S/PV.3537,17-May,SC/6042,Croatia,1995,1,S/RES/994 (1995),5,3537
S/PV.3540,26-May,SC/6045,Western Sahara,1995,0,S/RES/995 (1995),3,3540
S/PV.3541,30-May,SC/6046,Middle East  UNDOF,1995,0,S/RES/996 (1995),3,3541
S/PV.3542,9-Jun,SC/6050,Rwanda,1995,1,S/RES/997 (1995),4,3542
S/PV.3543,16-Jun,SC/6052,United Nations Protection Force,1995,1,S/RES/998 (1995),5,3543
S/PV.3544,16-Jun,SC/6053,Tajikistan,1995,0,S/RES/999 (1995),1,3544
S/PV.3547,23-Jun,SC/6056,Cyprus,1995,0,S/RES/1000 (1995),5,3547
S/PV.3549,30-Jun,SC/6059,Liberia,1995,0,S/RES/1001 (1995),4,3549
S/PV.3550,30-Jun,SC/6062,Western Sahara,1995,0,S/RES/1002 (1995),3,3550
S/PV.3551,5-Jul,SC/6064,Federal Republic of Yugoslavia (Serbia and Montenegro)  Sanctions,1995,1,S/RES/1003 (1995),5,3551
S/PV.3553,12-Jul,SC/6066,Bosnia and Herzegovina,1995,1,S/RES/1004 (1995),5,3553
S/PV.3555,17-Jul,SC/6068,Rwanda,1995,1,S/RES/1005 (1995),4,3555
S/PV.3558,28-Jul,SC/6075,Middle East  UNIFIL,1995,0,S/RES/1006 (1995),3,3558
S/PV.3559,31-Jul,SC/6077/Rev.1,Haiti,1995,0,S/RES/1007 (1995),6,3559
S/PV.3562,7-Aug,SC/6080,Angola,1995,0,S/RES/1008 (1995),4,3562
S/PV.3563,10-Aug,SC/6081,Croatia,1995,1,S/RES/1009 (1995),5,3563
S/PV.3564,10-Aug,SC/6082,Bosnia and Herzegovina,1995,0,S/RES/1010 (1995),5,3564
S/PV.3566,16-Aug,SC/6084,Rwanda,1995,1,S/RES/1011 (1995),4,3566
S/PV.3571,28-Aug,SC/6091,Burundi,1995,0,S/RES/1012 (1995),4,3571
S/PV.3574,7-Sep,SC/6095,Rwanda,1995,0,S/RES/1013 (1995),4,3574
S/PV.3577,15-Sep,SC/6098,Liberia,1995,0,S/RES/1014 (1995),4,3577
S/PV.3578,15-Sep,SC/6099,Federal Republic of Yugoslavia (Serbia and Montenegro)  Sanctions,1995,1,S/RES/1015 (1995),5,3578
S/PV.3581,21-Sep,SC/6102,Bosnia and Herzegovina,1995,0,S/RES/1016 (1995),5,3581
S/PV.3582,22-Sep,SC/6103,Western Sahara,1995,0,S/RES/1017 (1995),3,3582
S/PV.3591,9-Nov,SC/6122/Rev.1,The situation in the former Yugoslavia,1995,0,S/RES/1019 (1995),5,3591
S/PV.3592,10-Nov,SC/6123,Liberia,1995,0,S/RES/1020 (1995),4,3592
S/PV.3595,22-Nov,SC/6127,Federal Republic of Yugoslavia (Serbia and Montenegro)  Sanctions,1995,1,S/RES/1022 (1995),5,3595
S/PV.3596,22-Nov,SC/6128,Croatia,1995,0,S/RES/1023 (1995),5,3596
S/PV.3599,28-Nov,SC/6131,Middle East  UNDOF,1995,0,S/RES/1024 (1995),3,3599
S/PV.3600,30-Nov,SC/6133,Croatia,1995,1,S/RES/1025 (1995),5,3600
S/PV.3601,30-Nov,SC/6134,Bosnia and Herzegovina,1995,1,S/RES/1026 (1995),5,3601
S/PV.3602,30-Nov,SC/6135,The former Yugoslav Republic of Macedonia,1995,0,S/RES/1027 (1995),5,3602
S/PV.3604,8-Dec,SC/6139,Rwanda,1995,0,S/RES/1028 (1995),4,3604
S/PV.3605,12-Dec,SC/6141,Rwanda,1995,0,S/RES/1029 (1995),4,3605
S/PV.3606,14-Dec,SC/6142,Tajikistan,1995,0,S/RES/1030 (1995),1,3606
S/PV.3607,15-Dec,SC/6143,Bosnia and Herzegovina,1995,1,S/RES/1031 (1995),5,3607
S/PV.3608,19-Dec,SC/6145,Cyprus,1995,0,S/RES/1032 (1995),5,3608
S/PV.3610,19-Dec,SC/6147,Western Sahara,1995,0,S/RES/1033 (1995),3,3610
S/PV.3612,21-Dec,SC/6149,Bosnia and Herzegovina,1995,0,S/RES/1034 (1995),5,3612
S/PV.3613,21-Dec,SC/6150,Bosnia and Herzegovina,1995,0,S/RES/1035 (1995),5,3613
S/PV.3618,12-Jan,SC/6159,Georgia,1996,0,S/RES/1036 (1996),5,3618
S/PV.3619,15-Jan,SC/6160,Croatia,1996,1,S/RES/1037 (1996),5,3619
S/PV.3622,29-Jan,SC/6164,Middle East  UNIFIL,1996,0,S/RES/1039 (1996),3,3622
S/PV.3623,29-Jan,SC/6165,Burundi,1996,0,S/RES/1040 (1996),4,3623
S/PV.3624,29-Jan,SC/6166,Liberia,1996,0,S/RES/1041 (1996),4,3624
S/PV.3625,31-Jan,SC/6167,Western Sahara,1996,0,S/RES/1042 (1996),3,3625
S/PV.3626,31-Jan,SC/6168,Croatia,1996,0,S/RES/1043 (1996),5,3626
S/PV.3627,31-Jan,SC/6170,Ethiopia-Sudan,1996,0,S/RES/1044 (1996),4,3627
S/PV.3629,8-Feb,SC/6175,Angola,1996,0,S/RES/1045 (1996),4,3629
S/PV.3630,13-Feb,SC/6176,Former Yugoslav Republic of Macedonia,1996,0,S/RES/1046 (1996),5,3630
S/PV.3638,29 February,SC/6188,Haiti,1996,0,S/RES/1048 (1996),6,3638
S/PV.3639,5-Mar,SC/6189,Burundi,1996,0,S/RES/1049 (1996),4,3639
S/PV.3640,8-Mar,SC/6192,Rwanda,1996,0,S/RES/1050 (1996),4,3640
S/PV.3644,27-Mar,SC/6197,Iraq-Kuwait,1996,1,S/RES/1051 (1996),3,3644
S/PV.3654,18-Apr,SC/6208,Middle East  UNIFIL,1996,0,S/RES/1052 (1996),3,3654
S/PV.3656,23-Apr,SC/6210,Rwanda,1996,0,S/RES/1053 (1996),4,3656
S/PV.3660,26-Apr,SC/6214,Ethiopia-Sudan,1996,0,S/RES/1054 (1996),4,3660
S/PV.3662,8-May,SC/6218,Angola,1996,0,S/RES/1055 (1996),4,3662
S/PV.3668,29-May,SC/6226/Rev.1,Western Sahara,1996,0,S/RES/1056 (1996),3,3668
S/PV.3669,30-May,SC/6227,Middle East  UNDOF,1996,0,S/RES/1057 (1996),3,3669
S/PV.3670,30-May,SC/6228,The former Yugoslav Republic of Macedonia,1996,0,S/RES/1058 (1996),5,3670
S/PV.3671,31-May,SC/6230,Liberia,1996,0,S/RES/1059 (1996),4,3671
S/PV.3672,12-Jun,SC/6231,Iraq-Kuwait,1996,1,S/RES/1060 (1996),3,3672
S/PV.3673,14-Jun,SC/6233,Tajikistan,1996,0,S/RES/1061 (1996),1,3673
S/PV.3675,28-Jun,SC/6236,Cyprus,1996,0,S/RES/1062 (1996),5,3675
S/PV.3676,28-Jun,SC/6237,Haiti,1996,0,S/RES/1063 (1996),6,3676
S/PV.3679,11-Jul,SC/6243,Angola,1996,0,S/RES/1064 (1996),4,3679
S/PV.3680+Corr.1,12-Jul,SC/6244,Georgia,1996,0,S/RES/1065 (1996),5,3680+Corr
S/PV.3681,15-Jul,SC/6245,Croatia,1996,0,S/RES/1066 (1996),5,3681
S/PV.3683,26-Jul,SC/6247,Cuba-USA,1996,0,S/RES/1067 (1996),6,3683
S/PV.3685,30-Jul,SC/6249,Middle East  UNIFIL,1996,0,S/RES/1068 (1996),3,3685
S/PV.3686,30-Jul,SC/6250,Croatia,1996,0,S/RES/1069 (1996),5,3686
S/PV.3690,16-Aug,SC/6258/Rev.1 (not posted),Ethiopia-Sudan,1996,1,S/RES/1070 (1996),4,3690
S/PV.3694,30-Aug,SC/6262,Liberia,1996,0,S/RES/1071 (1996),4,3694
S/PV.3695,30-Aug,SC/6263,Burundi,1996,0,S/RES/1072 (1996),4,3695
S/PV.3698(Resumption 2),28-Sep,SC/6272,The situation in the occupied Arab territories,1996,0,S/RES/1073 (1996),3,3698(Resumption 2)
S/PV.3700,1-Oct,SC/6274,Federal Republic of Yugoslavia  termination of sanctions,1996,1,S/RES/1074 (1996),5,3700
S/PV.3703,11-Oct,SC/6278,Angola,1996,0,S/RES/1075 (1996),4,3703
S/PV.3706,22-Oct,SC/6282,Afghanistan,1996,0,S/RES/1076 (1996),1,3706
S/PV.3707,22-Oct,SC/6283,Georgia,1996,0,S/RES/1077 (1996),5,3707
S/PV.3710,9-Nov,SC/6287,Zaire,1996,0,S/RES/1078 (1996),4,3710
S/PV.3712,15-Nov,SC/6289,Croatia,1996,1,S/RES/1079 (1996),5,3712
S/PV.3713+Corr.1,15-Nov,SC/6291,Zaire,1996,1,S/RES/1080 (1996),4,3713+Corr
S/PV.3715,27-Nov,SC/6293,Middle East  UNDOF,1996,0,S/RES/1081 (1996),3,3715
S/PV.3716+Corr.1,27-Nov,SC/6294,The former Yugoslav Republic of Macedonia,1996,0,S/RES/1082 (1996),5,3716+Corr
S/PV.3717,27-Nov,SC/6295/Rev.1,Liberia,1996,0,S/RES/1083 (1996),4,3717
S/PV.3718,27-Nov,SC/6296,Western Sahara,1996,0,S/RES/1084 (1996),3,3718
S/PV.3719,29-Nov,SC/6298 (not posted),Haiti,1996,0,S/RES/1085 (1996),6,3719
S/PV.3721,5-Dec,SC/6300,Haiti,1996,0,S/RES/1086 (1996),6,3721
S/PV.3722,11-Dec,SC/6301,Angola,1996,0,S/RES/1087 (1996),4,3722
S/PV.3723,12-Dec,SC/6302,Bosnia and Herzegovina,1996,1,S/RES/1088 (1996),5,3723
S/PV.3724,13-Dec,SC/6303+Corr.1,Tajikistan,1996,0,S/RES/1089 (1996),1,3724
S/PV.3728,23-Dec,SC/6307,Cyprus,1996,0,S/RES/1092 (1996),5,3728
S/PV.3731,14-Jan,SC/6312,Croatia,1997,0,S/RES/1093 (1997),5,3731
S/PV.3732,20-Jan,SC/6314,Guatemala,1997,0,S/RES/1094 (1997),6,3732
S/PV.3733,28-Jan,SC/6316,Middle East  UNIFIL,1997,0,S/RES/1095 (1997),3,3733
S/PV.3735,30-Jan,SC/6318/Rev.1,Georgia,1997,0,S/RES/1096 (1997),5,3735
S/PV.3741,18-Feb,SC/6326,Great Lakes region,1997,0,S/RES/1097 (1997),4,3741
S/PV.3743,27-Feb,SC/6328,Angola,1997,0,S/RES/1098 (1997),4,3743
S/PV.3752,14-Mar,SC/6340,Tajikistan,1997,0,S/RES/1099 (1997),1,3752
S/PV.3757,27-Mar,SC/6346,Liberia,1997,0,S/RES/1100 (1997),4,3757
S/PV.3758,28-Mar,SC/6347,Albania,1997,0,S/RES/1101 (1997),5,3758
S/PV.3759,31-Mar,SC/6349,Angola,1997,0,S/RES/1102 (1997),4,3759
S/PV.3760,31-Mar,SC/6350,Bosnia and Herzegovina,1997,0,S/RES/1103 (1997),5,3760
S/PV.3763,8-Apr,SC/6354,International Tribunal  Yugoslavia,1997,0,S/RES/1104 (1997),5,3763
S/PV.3764,9-Apr,SC/6355,The former Yugoslav Republic of Macedonia,1997,0,S/RES/1105 (1997),5,3764
S/PV.3769,16-Apr,SC/6359,Angola,1997,0,S/RES/1106 (1997),4,3769
S/PV.3776,16-May,SC/6369,Bosnia and Herzegovina,1997,0,S/RES/1107 (1997),5,3776
S/PV.3779,22-May,SC/6372,Western Sahara,1997,0,S/RES/1108 (1997),3,3779
S/PV.3782,28-May,SC/6375,Middle East  UNDOF,1997,0,S/RES/1109 (1997),3,3782
S/PV.3783,28-May,SC/6376,The former Yugoslav Republic of Macedonia,1997,0,S/RES/1110 (1997),5,3783
S/PV.3786,4-Jun,SC/6380,Iraq-Kuwait,1997,1,S/RES/1111 (1997),3,3786
S/PV.3787,12-Jun,SC/6381,Bosnia and Herzegovina,1997,0,S/RES/1112 (1997),5,3787
S/PV.3788,12-Jun,SC/6382,Tajikistan,1997,0,S/RES/1113 (1997),1,3788
S/PV.3791,19-Jun,SC/6385,Albania,1997,0,S/RES/1114 (1997),5,3791
S/PV.3792,21-Jun,SC/6387,Iraq-Kuwait,1997,1,S/RES/1115 (1997),3,3792
S/PV.3793,27-Jun,SC/6388,Liberia,1997,0,S/RES/1116 (1997),4,3793
S/PV.3794,27-Jun,SC/6389,Cyprus,1997,0,S/RES/1117 (1997),5,3794
S/PV.3795,30-Jun,SC/6390,Angola,1997,0,S/RES/1118 (1997),4,3795
S/PV.3800,14-Jul,SC/6396,Croatia,1997,0,S/RES/1119 (1997),5,3800
S/PV.3804,29-Jul,SC/6401,Middle East  UNIFIL,1997,0,S/RES/1122 (1997),3,3804
S/PV.3806,30-Jul,SC/6403,Haiti,1997,0,S/RES/1123 (1997),6,3806
S/PV.3807,31-Jul,SC/6405,Georgia,1997,0,S/RES/1124 (1997),5,3807
S/PV.3808,6-Aug,SC/6407,Central African Republic,1997,1,S/RES/1125 (1997),4,3808
S/PV.3813,27-Aug,SC/6413,International Tribunal  Yugoslavia,1997,0,S/RES/1126 (1997),5,3813
S/PV.3814,28-Aug,SC/6414,Angola,1997,1,S/RES/1127 (1997),4,3814
S/PV.3816,12-Sep,SC/6417,Tajikistan,1997,0,S/RES/1128 (1997),1,3816
S/PV.3817+Corr.1,12-Sep,SC/6418,Iraq-Kuwait,1997,1,S/RES/1129 (1997),3,3817+Corr
S/PV.3820,29-Sep,SC/6423,Angola,1997,1,S/RES/1130 (1997),4,3820
S/PV.3821,29-Sep,SC/6424,Western Sahara,1997,0,S/RES/1131 (1997),3,3821
S/PV.3822,8-Oct,SC/6425,Sierra Leone,1997,1,S/RES/1132 (1997),4,3822
S/PV.3825,20-Oct,SC/6431,Western Sahara,1997,0,S/RES/1133 (1997),3,3825
S/PV.3826,23-Oct,SC/6432/Rev.1,Iraq-Kuwait,1997,1,S/RES/1134 (1997),3,3826
S/PV.3827,29-Oct,SC/6433,Angola,1997,1,S/RES/1135 (1997),4,3827
S/PV.3829,6-Nov,SC/6439,Central African Republic,1997,1,S/RES/1136 (1997),4,3829
S/PV.3831,12-Nov,SC/6441,Iraq-Kuwait,1997,1,S/RES/1137 (1997),3,3831
S/PV.3833,14-Nov,SC/6443,Tajikistan,1997,0,S/RES/1138 (1997),1,3833
S/PV.3835,21-Nov,SC/6446,Middle East  UNDOF,1997,0,S/RES/1139 (1997),3,3835
S/PV.3836,28-Nov,SC/6447,The former Yugoslav Republic of Macedonia,1997,0,S/RES/1140 (1997),5,3836
S/PV.3837,28-Nov,SC/6448,Haiti,1997,0,S/RES/1141 (1997),6,3837
S/PV.3839,4-Dec,SC/6451,The former Yugoslav Republic of Macedonia,1997,0,S/RES/1142 (1997),5,3839
S/PV.3840,4-Dec,SC/6452,Iraq-Kuwait,1997,1,S/RES/1143 (1997),3,3840
S/PV.3842 (Resumption),19-Dec,SC/6455,Bosnia and Herzegovina,1997,0,S/RES/1144 (1997),5,3842 (Resumption)
S/PV.3843,19-Dec,SC/6456,Croatia,1997,0,S/RES/1145 (1997),5,3843
S/PV.3846,23-Dec,SC/6460,Cyprus,1997,0,S/RES/1146 (1997),5,3846
S/PV.3847,13-Jan,SC/6467,Croatia,1998,0,S/RES/1147 (1998),5,3847
S/PV.3849,26-Jan,SC/6470,Western Sahara,1998,0,S/RES/1148 (1998),3,3849
S/PV.3850,27-Jan,SC/6471,Angola,1998,0,S/RES/1149 (1998),4,3850
S/PV.3851,30-Jan,SC/6473,Georgia,1998,0,S/RES/1150 (1998),5,3851
S/PV.3852,30-Jan,SC/6474,Middle East  UNIFIL,1998,0,S/RES/1151 (1998),3,3852
S/PV.3853,5-Feb,SC/6476,Central African Republic,1998,1,S/RES/1152 (1998),4,3853
S/PV.3855,20-Feb,SC/6478,Iraq-Kuwait,1998,1,S/RES/1153 (1998),3,3855
S/PV.3858,2-Mar,SC/6483,Iraq-Kuwait,1998,1,S/RES/1154 (1998),3,3858
S/PV.3860,16-Mar,SC/6485,Central African Republic,1998,1,S/RES/1155 (1998),4,3860
S/PV.3861,16-Mar,SC/6486,Sierra Leone,1998,1,S/RES/1156 (1998),4,3861
S/PV.3863,20-Mar,SC/6489,Angola,1998,0,S/RES/1157 (1998),4,3863
S/PV.3865,25-Mar,SC/6492,Iraq-Kuwait,1998,1,S/RES/1158 (1998),3,3865
S/PV.3867,27-Mar,SC/6494,Central African Republic,1998,1,S/RES/1159 (1998),4,3867
S/PV.3868+Corr.1+Corr.2,31-Mar,SC/6496,Kosovo (Federal Republic of Yugoslavia),1998,1,S/RES/1160 (1998),5,3868+Corr
S/PV.3870,9-Apr,SC/6500,Rwanda,1998,0,S/RES/1161 (1998),4,3870
S/PV.3872,17-Apr,SC/6504,Sierra Leone,1998,0,S/RES/1162 (1998),4,3872
S/PV.3873,17-Apr,SC/6505,Western Sahara,1998,0,S/RES/1163 (1998),3,3873
S/PV.3876,29-Apr,SC/6509,Angola,1998,0,S/RES/1164 (1998),4,3876
S/PV.3877,30-Apr,SC/6510,International Tribunal  Rwanda,1998,1,S/RES/1165 (1998),4,3877
S/PV.3878,13-May,SC/6514,International Tribunal  Yugoslavia,1998,1,S/RES/1166 (1998),5,3878
S/PV.3879,14-May,SC/6515,Tajikistan,1998,0,S/RES/1167 (1998),1,3879
S/PV.3883,21-May,SC/6519,Bosnia and Herzegovina,1998,0,S/RES/1168 (1998),5,3883
S/PV.3885,27-May,SC/6521,Middle East  UNDOF,1998,0,S/RES/1169 (1998),3,3885
S/PV.3886,28-May,SC/6522/Rev.1,Africa,1998,0,S/RES/1170 (1998),4,3886
S/PV.3889,5-Jun,SC/6526,Sierra Leone,1998,1,S/RES/1171 (1998),4,3889
S/PV.3890,6-Jun,SC/6528,Peace and security  nuclear tests by India and Pakistan,1998,0,S/RES/1172 (1998),1,3890
S/PV.3891,12-Jun,SC/6530,Angola,1998,1,S/RES/1173 (1998),4,3891
S/PV.3892,15-Jun,SC/6531,Bosnia and Herzegovina,1998,1,S/RES/1174 (1998),5,3892
S/PV.3893,19-Jun,SC/6533,Iraq-Kuwait,1998,1,S/RES/1175 (1998),3,3893
S/PV.3894,24-Jun,SC/6534,Angola,1998,1,S/RES/1176 (1998),4,3894
S/PV.3895,26-Jun,SC/6535,Eritrea-Ethiopia,1998,0,S/RES/1177 (1998),4,3895
S/PV.3898,29-Jun,SC/6538,Cyprus,1998,0,S/RES/1179 (1998),5,3898
S/PV.3899,29-Jun,SC/6539,Angola,1998,0,S/RES/1180 (1998),4,3899
S/PV.3902,13-Jul,SC/6544,Sierra Leone,1998,0,S/RES/1181 (1998),4,3902
S/PV.3905,14-Jul,SC/6547+Corr.1,Central African Republic,1998,0,S/RES/1182 (1998),4,3905
S/PV.3907,15-Jul,SC/6549+Add.1,Croatia,1998,0,S/RES/1183 (1998),5,3907
S/PV.3909,16-Jul,SC/6551,Bosnia and Herzegovina,1998,0,S/RES/1184 (1998),5,3909
S/PV.3910,20-Jul,SC/6552,Western Sahara,1998,0,S/RES/1185 (1998),3,3910
S/PV.3911,21-Jul,SC/6554,The former Yugoslav Republic of Macedonia,1998,0,S/RES/1186 (1998),5,3911
S/PV.3912,30-Jul,SC/6555,Georgia,1998,0,S/RES/1187 (1998),5,3912
S/PV.3913,30-Jul,SC/6556,Lebanon,1998,0,S/RES/1188 (1998),3,3913
S/PV.3915,13-Aug,SC/6559,Peace and security  terrorist acts committed in Kenya and the United Republic of Tanzania,1998,0,S/RES/1189 (1998),0,3915
S/PV.3916,13-Aug,SC/6560,Angola,1998,0,S/RES/1190 (1998),4,3916
S/PV.3919,27-Aug,SC/6565,International Tribunal  Yugoslavia,1998,0,S/RES/1191 (1998),5,3919
S/PV.3920,27-Aug,SC/6566+Corr.1,Libyan Arab Jamahiriya,1998,1,S/RES/1192 (1998),3,3920
S/PV.3921 (Resumption 1),28-Aug,SC/6567,Afghanistan,1998,0,S/RES/1193 (1998),1,3921 (Resumption 1)
S/PV.3924,9-Sep,SC/6571,Iraq-Kuwait,1998,1,S/RES/1194 (1998),3,3924
S/PV.3925,15-Sep,SC/6572,Angola,1998,0,S/RES/1195 (1998),4,3925
S/PV.3927,16-Sep,SC/6574,Africa,1998,0,S/RES/1196 (1998),4,3927
S/PV.3928,18-Sep,SC/6575,Africa,1998,0,S/RES/1197 (1998),4,3928
S/PV.3929,18-Sep,SC/6576,Western Sahara,1998,0,S/RES/1198 (1998),3,3929
S/PV.3930,23-Sep,SC/6577,Kosovo (Federal Republic of Yugoslavia),1998,1,S/RES/1199 (1998),5,3930
S/PV.3934,30-Sep,SC/6583,International Tribunal  Rwanda,1998,0,S/RES/1200 (1998),4,3934
S/PV.3935,15-Oct,SC/6585,Central African Republic,1998,0,S/RES/1201 (1998),4,3935
S/PV.3936,15-Oct,SC/6586,Angola,1998,0,S/RES/1202 (1998),4,3936
S/PV.3937,24-Oct,SC/6588,Kosovo (Federal Republic of Yugoslavia),1998,1,S/RES/1203 (1998),5,3937
S/PV.3938,30-Oct,SC/6589,Western Sahara,1998,0,S/RES/1204 (1998),3,3938
S/PV.3939,5-Nov,SC/6591,Iraq-Kuwait,1998,1,S/RES/1205 (1998),3,3939
S/PV.3943,12-Nov,SC/6595,Tajikistan,1998,0,S/RES/1206 (1998),1,3943
S/PV.3944,17-Nov,SC/6597,International Tribunal  Yugoslavia,1998,1,S/RES/1207 (1998),5,3944
S/PV.3945,19-Nov,SC/6598,Africa,1998,0,S/RES/1209 (1998),4,3945
S/PV.3946,24-Nov,SC/6600,Iraq-Kuwait,1998,1,S/RES/1210 (1998),3,3946
S/PV.3947,25-Nov,SC/6601,Middle East  UNDOF,1998,0,S/RES/1211 (1998),3,3947
S/PV.3949,25-Nov,SC/6603,Haiti,1998,0,S/RES/1212 (1998),6,3949
S/PV.3951,3-Dec,SC/6606,Angola,1998,0,S/RES/1213 (1998),4,3951
S/PV.3952,8-Dec,SC/6608,Afghanistan,1998,0,S/RES/1214 (1998),1,3952
S/PV.3956,17-Dec,SC/6612,Western Sahara,1998,0,S/RES/1215 (1998),3,3956
S/PV.3958,21-Dec,SC/6614,Guinea-Bissau,1998,0,S/RES/1216 (1998),4,3958
S/PV.3959,22-Dec,SC/6615,Cyprus,1998,0,S/RES/1218 (1998),5,3959
S/PV.3962,31-Dec,SC/6619,Angola,1998,0,S/RES/1219 (1998),4,3962
S/PV.3964,12-Jan,SC/6624,Sierra Leone,1999,0,S/RES/1220 (1999),4,3964
S/PV.3965,12-Jan,SC/6625,Angola,1999,1,S/RES/1221 (1999),4,3965
S/PV.3966,15-Jan,SC/6627,Croatia,1999,0,S/RES/1222 (1999),5,3966
S/PV.3970,28-Jan,SC/6633,Lebanon,1999,0,S/RES/1223 (1999),3,3970
S/PV.3971,28-Jan,SC/6634,Western Sahara,1999,0,S/RES/1224 (1999),3,3971
S/PV.3972,28-Jan,SC/6635,Georgia,1999,0,S/RES/1225 (1999),5,3972
S/PV.3973,29-Jan,SC/6636,Eritrea-Ethiopia,1999,0,S/RES/1226 (1999),4,3973
S/PV.3975,10-Feb,SC/6640,Eritrea-Ethiopia,1999,0,S/RES/1227 (1999),4,3975
S/PV.3976,11-Feb,SC/6641,Western Sahara,1999,0,S/RES/1228 (1999),3,3976
S/PV.3983,26-Feb,SC/6650,Angola,1999,0,S/RES/1229 (1999),4,3983
S/PV.3984,26-Feb,SC/6651,Central African Republic,1999,0,S/RES/1230 (1999),4,3984
S/PV.3986,11-Mar,SC/6653,Sierra Leone,1999,0,S/RES/1231 (1999),4,3986
S/PV.3990,30-Mar,SC/6660,Western Sahara,1999,0,S/RES/1232 (1999),3,3990
S/PV.3991,6-Apr,SC/6663,Guinea-Bissau,1999,0,S/RES/1233 (1999),4,3991
S/PV.3993,9-Apr,SC/6665,Democratic Republic of the Congo,1999,0,S/RES/1234 (1999),4,3993
S/PV.3994,30-Apr,SC/6668,Western Sahara,1999,0,S/RES/1235 (1999),3,3994
S/PV.3998,7-May,SC/6672,East Timor,1999,0,S/RES/1236 (1999),2,3998
S/PV.3999,7-May,SC/6673,Angola,1999,1,S/RES/1237 (1999),4,3999
S/PV.4002,14-May,SC/6676,Western Sahara,1999,0,S/RES/1238 (1999),3,4002
S/PV.4003,14-May,SC/6677,Kosovo (Federal Republic of Yugoslavia),1999,0,S/RES/1239 (1999),5,4003
S/PV.4004,15-May,SC/6678,Tajikistan,1999,0,S/RES/1240 (1999),1,4004
S/PV.4006,19-May,SC/6680,International Tribunal  Rwanda,1999,0,S/RES/1241 (1999),4,4006
S/PV.4008,21-May,SC/6682,Iraq-Kuwait,1999,1,S/RES/1242 (1999),3,4008
S/PV.4009,27-May,SC/6683,Middle East  UNDOF,1999,0,S/RES/1243 (1999),3,4009
S/PV.4011,10-Jun,SC/6686,Kosovo (Federal Republic of Yugoslavia),1999,1,S/RES/1244 (1999),5,4011
S/PV.4012,11-Jun,SC/6688,Sierra Leone,1999,0,S/RES/1245 (1999),4,4012
S/PV.4013,11-Jun,SC/6689,East Timor,1999,0,S/RES/1246 (1999),2,4013
S/PV.4014,18-Jun,SC/6690,Bosnia and Herzegovina,1999,1,S/RES/1247 (1999),5,4014
S/PV.4018,29-Jun,SC/6694,Cyprus,1999,0,S/RES/1250 (1999),5,4018
S/PV.4023,15-Jul,SC/6701,Croatia,1999,0,S/RES/1252 (1999),5,4023
S/PV.4028,30-Jul,SC/6707,Middle East  UNIFIL,1999,0,S/RES/1254 (1999),3,4028
S/PV.4029,30-Jul,SC/6708,Georgia,1999,0,S/RES/1255 (1999),5,4029
S/PV.4030,3-Aug,SC/6709,Bosnia and Herzegovina,1999,0,S/RES/1256 (1999),5,4030
S/PV.4031,3-Aug,SC/6710,East Timor,1999,0,S/RES/1257 (1999),2,4031
S/PV.4032,6-Aug,SC/6711,Democratic Republic of the Congo,1999,0,S/RES/1258 (1999),4,4032
S/PV.4033,11-Aug,SC/6712,International Tribunal  Rwanda & Yugoslavia,1999,0,S/RES/1259 (1999),0,4033
S/PV.4035+Corr.1,20-Aug,SC/6714,Sierra Leone,1999,0,S/RES/1260 (1999),4,4035+Corr
S/PV.4037,25-Aug,SC/6716,Children and armed conflict,1999,0,S/RES/1261 (1999),0,4037
S/PV.4038,27-Aug,SC/6717,East Timor,1999,0,S/RES/1262 (1999),2,4038
S/PV.4044,13-Sep,SC/6726,Western Sahara,1999,0,S/RES/1263 (1999),3,4044
S/PV.4045,15-Sep,SC/6727,East Timor,1999,1,S/RES/1264 (1999),2,4045
S/PV.4046,17-Sep,SC/6730,Civilians in armed conflict,1999,0,S/RES/1265 (1999),0,4046
S/PV.4050,4-Oct,SC/6738,Iraq-Kuwait,1999,1,S/RES/1266 (1999),3,4050
S/PV.4051,15-Oct,SC/6739,Afghanistan,1999,1,S/RES/1267 (1999),1,4051
S/PV.4052,15-Oct,SC/6740,Angola,1999,0,S/RES/1268 (1999),4,4052
S/PV.4053,19-Oct,SC/6741,Maintenance of peace and security,1999,0,S/RES/1269 (1999),0,4053
S/PV.4054,22-Oct,SC/6742,Sierra Leone,1999,1,S/RES/1270 (1999),4,4054
S/PV.4056,22-Oct,SC/6744,Central African Republic,1999,0,S/RES/1271 (1999),4,4056
S/PV.4057,25-Oct,SC/6745,East Timor,1999,1,S/RES/1272 (1999),2,4057
S/PV.4060,5-Nov,SC/6748,Democratic Republic of the Congo,1999,0,S/RES/1273 (1999),4,4060
S/PV.4064,12-Nov,SC/6750,Tajikistan,1999,0,S/RES/1274 (1999),1,4064
S/PV.4070,19-Nov,SC/6757,Iraq-Kuwait,1999,1,S/RES/1275 (1999),3,4070
S/PV.4071,24-Nov,SC/6758,Middle East  UNDOF,1999,0,S/RES/1276 (1999),3,4071
S/PV.4074,30-Nov,SC/6763,Haiti,1999,0,S/RES/1277 (1999),6,4074
S/PV.4076,30-Nov,SC/6766,Democratic Republic of the Congo,1999,0,S/RES/1279 (1999),4,4076
S/PV.4077+Corr.1,3-Dec,SC/6767,Iraq-Kuwait,1999,1,S/RES/1280 (1999),3,4077+Corr
S/PV.4079,10-Dec,SC/6769,Iraq-Kuwait,1999,1,S/RES/1281 (1999),3,4079
S/PV.4080,14-Dec,SC/6770,Western Sahara,1999,0,S/RES/1282 (1999),3,4080
S/PV.4082,15-Dec,SC/6773,Cyprus,1999,0,S/RES/1283 (1999),5,4082
S/PV.4084+Corr.1,17-Dec,SC/6775,Iraq-Kuwait,1999,1,S/RES/1284 (1999),3,4084+Corr
S/PV.4088,13-Jan,SC/6782,Croatia,2000,0,S/RES/1285 (2000),5,4088
S/PV.4091,19-Jan,SC/6787,Burundi,2000,0,S/RES/1286 (2000),4,4091
S/PV.4094,31-Jan,SC/6794,Georgia,2000,0,S/RES/1287 (2000),5,4094
S/PV.4095,31-Jan,SC/6795,Middle East  UNIFIL,2000,0,S/RES/1288 (2000),3,4095
S/PV.4099,7-Feb,SC/6801,Sierra Leone,2000,0,S/RES/1289 (2000),4,4099
S/PV.4104,24-Feb,SC/6809,Democratic Republic of the Congo,2000,1,S/RES/1291 (2000),4,4104
S/PV.4106,29 February,SC/6812,Western Sahara,2000,0,S/RES/1292 (2000),3,4106
S/PV.4123,31-Mar,SC/6838,Iraq-Kuwait,2000,1,S/RES/1293 (2000),3,4123
S/PV.4126,13-Apr,SC/6842,Angola,2000,0,S/RES/1294 (2000),4,4126
S/PV.4129 (Resumption 1),18-Apr,SC/6846,Angola,2000,1,S/RES/1295 (2000),4,4129 (Resumption 1)
S/PV.4130 (Resumption 1)+Corr.1,19-Apr,SC/6847,Civilians in armed conflict,2000,0,S/RES/1296 (2000),0,4130 (Resumption 1)+Corr
S/PV.4142,12-May,SC/6861,Eritrea-Ethiopia,2000,0,S/RES/1297 (2000),4,4142
S/PV.4144,17-May,SC/6863,Eritrea-Ethiopia,2000,1,S/RES/1298 (2000),4,4144
S/PV.4145,19-May,SC/6864,Sierra Leone,2000,1,S/RES/1299 (2000),4,4145
S/PV.4148,31-May,SC/6868,Middle East  UNDOF,2000,0,S/RES/1300 (2000),3,4148
S/PV.4149,31-May,SC/6869,Western Sahara,2000,0,S/RES/1301 (2000),3,4149
S/PV.4152,8-Jun,SC/6872,Iraq-Kuwait,2000,1,S/RES/1302 (2000),3,4152
S/PV.4155,14-Jun,SC/6875,Cyprus,2000,0,S/RES/1303 (2000),5,4155
S/PV.4159,16-Jun,SC/6877,Democratic Republic of the Congo,2000,1,S/RES/1304 (2000),4,4159
S/PV.4162,21-Jun,SC/6880,Bosnia and Herzegovina,2000,1,S/RES/1305 (2000),5,4162
S/PV.4168,5-Jul,SC/6886,Sierra Leone,2000,1,S/RES/1306 (2000),4,4168
S/PV.4170,13-Jul,SC/6888,Croatia,2000,0,S/RES/1307 (2000),5,4170
S/PV.4172,17-Jul,SC/6890,HIV/AIDS and peacekeeping operations,2000,0,S/RES/1308 (2000),0,4172
S/PV.4175,25-Jul,SC/6894,Western Sahara,2000,0,S/RES/1309 (2000),3,4175
S/PV.4177,27-Jul,SC/6897,Middle East  UNIFIL,2000,0,S/RES/1310 (2000),3,4177
S/PV.4179,28-Jul,SC/6901,Georgia,2000,0,S/RES/1311 (2000),5,4179
S/PV.4181,31-Jul,SC/6903,Eritrea-Ethiopia,2000,0,S/RES/1312 (2000),4,4181
S/PV.4184,4-Aug,SC/6906,Sierra Leone,2000,0,S/RES/1313 (2000),4,4184
S/PV.4185,11-Aug,SC/6908,Children and armed conflict,2000,0,S/RES/1314 (2000),0,4185
S/PV.4186,14-Aug,SC/6910,Sierra Leone,2000,0,S/RES/1315 (2000),4,4186
S/PV.4189,23-Aug,SC/6913,Democratic Republic of the Congo,2000,1,S/RES/1316 (2000),4,4189
S/PV.4193,5-Sep,SC/6918,Sierra Leone,2000,1,S/RES/1317 (2000),4,4193
S/PV.4194,7-Sep,SC/6919,Security Council Summit: maintaining peace and security,2000,0,S/RES/1318 (2000),0,4194
S/PV.4195,8-Sep,SC/6920,East Timor,2000,0,S/RES/1319 (2000),2,4195
S/PV.4197,15-Sep,SC/6922 (not posted),Eritrea-Ethiopia,2000,1,S/RES/1320 (2000),4,4197
S/PV.4199,20-Sep,SC/6925,Sierra Leone,2000,0,S/RES/1321 (2000),4,4199
S/PV.4205,7-Oct,SC/6934,"Middle East situation, including the Palestinian question",2000,0,S/RES/1322 (2000),3,4205
S/PV.4207,13-Oct,SC/6935,Democratic Republic of the Congo,2000,0,S/RES/1323 (2000),4,4207
S/PV.4211,30-Oct,SC/6941,Western Sahara,2000,0,S/RES/1324 (2000),3,4211
S/PV.4213,31-Oct,SC/6942,Women and peace and security,2000,0,S/RES/1325 (2000),0,4213
S/PV.4220,13-Nov,SC/6948,Maintenance of peace and security,2000,0,S/RES/1327 (2000),0,4220
S/PV.4235,27-Nov,SC/6960,Middle East  UNDOF,2000,0,S/RES/1328 (2000),3,4235
S/PV.4240,30-Nov,SC/6967,International Tribunal  Rwanda & Yugoslavia,2000,1,S/RES/1329 (2000),0,4240
S/PV.4241,5-Dec,SC/6969,Iraq-Kuwait,2000,1,S/RES/1330 (2000),3,4241
S/PV.4246,13-Dec,SC/6974,Cyprus,2000,0,S/RES/1331 (2000),5,4246
S/PV.4247,14-Dec,SC/6975,Democratic Republic of the Congo,2000,0,S/RES/1332 (2000),4,4247
S/PV.4251+Corr.1,19-Dec,SC/6979,Afghanistan,2000,1,S/RES/1333 (2000),1,4251+Corr
S/PV.4253,22-Dec,SC/6981,Sierra Leone,2000,0,S/RES/1334 (2000),4,4253
S/PV.4256,12-Jan,SC/6986,Croatia,2001,0,S/RES/1335 (2001),5,4256
S/PV.4263,23-Jan,SC/6996,Angola,2001,1,S/RES/1336 (2001),4,4263
S/PV.4267,30-Jan,SC/7000,Middle East  UNIFIL,2001,0,S/RES/1337 (2001),3,4267
S/PV.4268,31-Jan,SC/7001,East Timor,2001,0,S/RES/1338 (2001),2,4268
S/PV.4269,31-Jan,SC/7002,Georgia,2001,0,S/RES/1339 (2001),5,4269
S/PV.4274+Corr.1,8-Feb,SC/7010,International Tribunal  Yugoslavia,2001,0,S/RES/1340 (2001),5,4274+Corr
S/PV.4282,22-Feb,SC/7017,Democratic Republic of the Congo,2001,1,S/RES/1341 (2001),4,4282
S/PV.4284,27-Feb,SC/7020,Western Sahara,2001,0,S/RES/1342 (2001),3,4284
S/PV.4287,7-Mar,SC/7023,Liberia,2001,1,S/RES/1343 (2001),4,4287
S/PV.4294,15-Mar,SC/7030,Eritrea-Ethiopia,2001,0,S/RES/1344 (2001),4,4294
S/PV.4301,21-Mar,SC/7036,The former Yugoslav Republic of Macedonia,2001,0,S/RES/1345 (2001),5,4301
S/PV.4306,30-Mar,SC/7041,Sierra Leone,2001,0,S/RES/1346 (2001),4,4306
S/PV.4307,30-Mar,SC/7042,International Tribunal  Rwanda,2001,0,S/RES/1347 (2001),4,4307
S/PV.4311,19-Apr,SC/7049,Angola,2001,1,S/RES/1348 (2001),4,4311
S/PV.4315,27-Apr,SC/7053,Western Sahara,2001,0,S/RES/1349 (2001),3,4315
S/PV.4316,27-Apr,SC/7054,International Tribunal  Yugoslavia,2001,0,S/RES/1350 (2001),5,4316
S/PV.4322,30-May,SC/7063,Middle East  UNDOF,2001,0,S/RES/1351 (2001),3,4322
S/PV.4324,1-Jun,SC/7067,Iraq-Kuwait,2001,1,S/RES/1352 (2001),3,4324
S/PV.4326,13-Jun,SC/7070,Strengthening cooperation with troop-contributing countries,2001,0,S/RES/1353 (2001),0,4326
S/PV.4328,15-Jun,SC/7073,Cyprus,2001,0,S/RES/1354 (2001),5,4328
S/PV.4329,15-Jun,SC/7074,Democratic Republic of the Congo,2001,1,S/RES/1355 (2001),4,4329
S/PV.4332,19-Jun,SC/7079,Somalia,2001,1,S/RES/1356 (2001),4,4332
S/PV.4333,21-Jun,SC/7080,Bosnia and Herzegovina,2001,1,S/RES/1357 (2001),5,4333
S/PV.4342,29-Jun,SC/7090,Western Sahara,2001,0,S/RES/1359 (2001),3,4342
S/PV.4344,3-Jul,SC/7093,Iraq-Kuwait,2001,1,S/RES/1360 (2001),3,4344
S/PV.4346,11-Jul,SC/7099,Croatia,2001,0,S/RES/1362 (2001),5,4346
S/PV.4352,30-Jul,SC/7110,Afghanistan,2001,1,S/RES/1363 (2001),1,4352
S/PV.4353,31-Jul,SC/7112,Georgia,2001,0,S/RES/1364 (2001),5,4353
S/PV.4354,31-Jul,SC/7113,Middle East  UNIFIL,2001,0,S/RES/1365 (2001),3,4354
S/PV.4360,30-Aug,SC/7131,Prevention of armed conflicts,2001,0,S/RES/1366 (2001),0,4360
S/PV.4366,10-Sep,SC/7138,Yugoslavia,2001,1,S/RES/1367 (2001),5,4366
S/PV.4370,12-Sep,SC/7143,Peace and security  terrorist acts committed in the United States,2001,0,S/RES/1368 (2001),0,4370
S/PV.4372,14-Sep,SC/7144,Eritrea-Ethiopia,2001,0,S/RES/1369 (2001),4,4372
S/PV.4374,18-Sep,SC/7146,Sierra Leone,2001,0,S/RES/1370 (2001),4,4374
S/PV.4381,26-Sep,SC/7153,The former Yugoslav Republic of Macedonia,2001,0,S/RES/1371 (2001),5,4381
S/PV.4384,28-Sep,SC/7157,Sudan,2001,1,S/RES/1372 (2001),4,4384
S/PV.4385,28-Sep,SC/7158,Peace and security  terrorist acts,2001,1,S/RES/1373 (2001),0,4385
S/PV.4393,19-Oct,SC/7179,Angola,2001,1,S/RES/1374 (2001),4,4393
S/PV.4399,29-Oct,SC/7189,Burundi,2001,0,S/RES/1375 (2001),4,4399
S/PV.4412,9-Nov,SC/7204,Democratic Republic of the Congo,2001,1,S/RES/1376 (2001),4,4412
S/PV.4413,12-Nov,SC/7207,Peace and security  terrorist acts,2001,0,S/RES/1377 (2001),0,4413
S/PV.4415,14-Nov,SC/7212,Afghanistan,2001,0,S/RES/1378 (2001),1,4415
S/PV.4423,20-Nov,SC/7219,Children and armed conflict,2001,0,S/RES/1379 (2001),0,4423
S/PV.4427,27-Nov,SC/7225,Western Sahara,2001,0,S/RES/1380 (2001),3,4427
S/PV.4428,27-Nov,SC/7226,Middle East  UNDOF,2001,0,S/RES/1381 (2001),3,4428
S/PV.4431,29-Nov,SC/7229,Iraq-Kuwait,2001,1,S/RES/1382 (2001),3,4431
S/PV.4434,6-Dec,SC/7234,Afghanistan,2001,0,S/RES/1383 (2001),1,4434
S/PV.4436,14-Dec,SC/7240,Cyprus,2001,0,S/RES/1384 (2001),5,4436
S/PV.4442,19-Dec,SC/7247,Sierra Leone,2001,1,S/RES/1385 (2001),4,4442
S/PV.4443,20-Dec,SC/7248,Afghanistan,2001,1,S/RES/1386 (2001),1,4443
S/PV.4448,15-Jan,SC/7268,Croatia,2002,0,S/RES/1387 (2002),5,4448
S/PV.4449,15-Jan,SC/7269,Afghanistan,2002,1,S/RES/1388 (2002),1,4449
S/PV.4451,16-Jan,SC/7272,Sierra Leone,2002,1,S/RES/1389 (2002),4,4451
S/PV.4452,16-Jan,SC/7274,Afghanistan,2002,1,S/RES/1390 (2002),1,4452
S/PV.4458,28-Jan,SC/7280,Middle East  UNIFIL,2002,0,S/RES/1391 (2002),3,4458
S/PV.4463,31-Jan,SC/7288,East Timor,2002,0,S/RES/1392 (2002),2,4463
S/PV.4464,31-Jan,SC/7289,Georgia,2002,0,S/RES/1393 (2002),5,4464
S/PV.4480,27-Feb,SC/7312,Western Sahara,2002,0,S/RES/1394 (2002),3,4480
S/PV.4481,27-Feb,SC/7313,Liberia,2002,0,S/RES/1395 (2002),4,4481
S/PV.4484,5-Mar,SC/7319,Bosnia and Herzegovina,2002,0,S/RES/1396 (2002),5,4484
S/PV.4489,12-Mar,SC/7326,"Middle East situation, including the Palestinian question",2002,0,S/RES/1397 (2002),3,4489
S/PV.4494,15-Mar,SC/7330,Eritrea-Ethiopia,2002,0,S/RES/1398 (2002),4,4494
S/PV.4495,19-Mar,SC/7334,Democratic Republic of the Congo,2002,1,S/RES/1399 (2002),4,4495
S/PV.4500,28-Mar,SC/7344,Sierra Leone,2002,0,S/RES/1400 (2002),4,4500
S/PV.4501,28-Mar,SC/7345,Afghanistan,2002,0,S/RES/1401 (2002),1,4501
S/PV.4503,29 + 30 March,SC/7348+Corr.1,"Middle East situation, including the Palestinian question",2002,0,S/RES/1402 (2002),3,4503
S/PV.4506 (Resumption 2),4-Apr,SC/7355,"Middle East situation, including the Palestinian question",2002,0,S/RES/1403 (2002),3,4506 (Resumption 2)
S/PV.4514,18-Apr,SC/7366,Angola,2002,1,S/RES/1404 (2002),4,4514
S/PV.4516,19-Apr,SC/7369,"Middle East situation, including the Palestinian question",2002,0,S/RES/1405 (2002),3,4516
S/PV.4523,30-Apr,SC/7384,Western Sahara,2002,0,S/RES/1406 (2002),3,4523
S/PV.4524,3-May,SC/7388,Somalia,2002,1,S/RES/1407 (2002),4,4524
S/PV.4526,6-May,SC/7392,Liberia,2002,1,S/RES/1408 (2002),4,4526
S/PV.4531,14-May,SC/7395+Corr.1,Iraq-Kuwait,2002,1,S/RES/1409 (2002),3,4531
S/PV.4534,17-May,SC/7400,East Timor,2002,1,S/RES/1410 (2002),2,4534
S/PV.4535,17-May,SC/7401,International Tribunal  Rwanda & Yugoslavia,2002,1,S/RES/1411 (2002),0,4535
S/PV.4536,17-May,SC/7402,Angola,2002,1,S/RES/1412 (2002),4,4536
S/PV.4541,23-May,SC/7410,Afghanistan,2002,1,S/RES/1413 (2002),1,4541
S/PV.4546,30-May,SC/7418,Middle East  UNDOF,2002,0,S/RES/1415 (2002),3,4546
S/PV.4551,13-Jun,SC/7423,Cyprus,2002,0,S/RES/1416 (2002),5,4551
S/PV.4554,14-Jun,SC/7425,Democratic Republic of the Congo,2002,0,S/RES/1417 (2002),4,4554
S/PV.4558,21-Jun,SC/7430,Bosnia and Herzegovina,2002,1,S/RES/1418 (2002),5,4558
S/PV.4560,26-Jun,SC/7435,Afghanistan,2002,0,S/RES/1419 (2002),1,4560
S/PV.4564,30-Jun,SC/7438,Bosnia and Herzegovina,2002,1,S/RES/1420 (2002),5,4564
S/PV.4566,3-Jul,SC/7441,Bosnia and Herzegovina,2002,1,S/RES/1421 (2002),5,4566
S/PV.4572,12-Jul,SC/7450,United Nations peacekeeping,2002,1,S/RES/1422 (2002),0,4572
S/PV.4573,12-Jul,SC/7451,Bosnia and Herzegovina,2002,1,S/RES/1423 (2002),5,4573
S/PV.4574,12-Jul,SC/7452,Croatia,2002,0,S/RES/1424 (2002),5,4574
S/PV.4580,22-Jul,SC/7459,Somalia,2002,1,S/RES/1425 (2002),4,4580
S/PV.4591,29-Jul,SC/7470,Georgia,2002,0,S/RES/1427 (2002),5,4591
S/PV.4593,30-Jul,SC/7473,Middle East  UNIFIL,2002,0,S/RES/1428 (2002),3,4593
S/PV.4594,30-Jul,SC/7474,Western Sahara,2002,0,S/RES/1429 (2002),3,4594
S/PV.4600,14-Aug,SC/7481/Rev.1,Eritrea-Ethiopia,2002,0,S/RES/1430 (2002),4,4600
S/PV.4601,14-Aug,SC/7482,International Tribunal  Rwanda,2002,1,S/RES/1431 (2002),4,4601
S/PV.4603,15-Aug,SC/7484,Angola,2002,1,S/RES/1432 (2002),4,4603
S/PV.4604,15-Aug,SC/7486,Angola,2002,0,S/RES/1433 (2002),4,4604
S/PV.4606,6-Sep,SC/7496,Eritrea-Ethiopia,2002,0,S/RES/1434 (2002),4,4606
S/PV.4614 (Resumption 2),24-Sep,SC/7509,"Middle East situation, including the Palestinian question",2002,0,S/RES/1435 (2002),3,4614 (Resumption 2)
S/PV.4615,24-Sep,SC/7511,Sierra Leone,2002,0,S/RES/1436 (2002),4,4615
S/PV.4622,11-Oct,SC/7527,Croatia,2002,0,S/RES/1437 (2002),5,4622
S/PV.4624,14-Oct,SC/7529,Peace and security  terrorist acts,2002,0,S/RES/1438 (2002),0,4624
S/PV.4628,18-Oct,SC/7539,Angola,2002,1,S/RES/1439 (2002),4,4628
S/PV.4632,24-Oct,SC/7545,Peace and security  terrorist acts,2002,0,S/RES/1440 (2002),0,4632
S/PV.4644+Corr.1,8-Nov,SC/7564,Iraq-Kuwait,2002,1,S/RES/1441 (2002),3,4644+Corr
S/PV.4649,25-Nov,SC/7576,Cyprus,2002,0,S/RES/1442 (2002),5,4649
S/PV.4650,25-Nov,SC/7577,Iraq-Kuwait,2002,1,S/RES/1443 (2002),3,4650
S/PV.4651,27-Nov,SC/7580,Afghanistan,2002,1,S/RES/1444 (2002),1,4651
S/PV.4653,4-Dec,SC/7583,Democratic Republic of the Congo,2002,1,S/RES/1445 (2002),4,4653
S/PV.4654,4-Dec,SC/7584,Sierra Leone,2002,1,S/RES/1446 (2002),4,4654
S/PV.4656,4-Dec,SC/7587,Iraq-Kuwait,2002,1,S/RES/1447 (2002),3,4656
S/PV.4657,9-Dec,SC/7589,Angola,2002,1,S/RES/1448 (2002),4,4657
S/PV.4666,13-Dec,SC/7601,International Tribunal  Rwanda,2002,0,S/RES/1449 (2002),4,4666
S/PV.4667,13-Dec,SC/7602,Peace and security  terrorist acts,2002,0,S/RES/1450 (2002),0,4667
S/PV.4670,17-Dec,SC/7604,Middle East  UNDOF,2002,0,S/RES/1451 (2002),3,4670
S/PV.4678,20-Dec,SC/7617,Peace and security  terrorist acts,2002,1,S/RES/1452 (2002),0,4678
S/PV.4682,24-Dec,SC/7621,Afghanistan,2002,0,S/RES/1453 (2002),1,4682
S/PV.4683,30-Dec,SC/7623,Iraq-Kuwait,2002,1,S/RES/1454 (2002),3,4683
S/PV.4686,17-Jan,SC/7636,Peace and security  terrorist acts,2003,1,S/RES/1455 (2003),0,4686
S/PV.4688,20-Jan,SC/7638,High-level meeting: combating terrorism,2003,0,S/RES/1456 (2003),0,4688
S/PV.4691,24-Jan,SC/7642,Democratic Republic of the Congo,2003,0,S/RES/1457 (2003),4,4691
S/PV.4693,28-Jan,SC/7647,Liberia,2003,0,S/RES/1458 (2003),4,4693
S/PV.4694,28-Jan,SC/7648,Kimberley Process Certification Scheme,2003,0,S/RES/1459 (2003),0,4694
S/PV.4695,30-Jan,SC/7649,Children and armed conflict,2003,0,S/RES/1460 (2003),0,4695
S/PV.4696,30-Jan,SC/7650,Middle East  UNIFIL,2003,0,S/RES/1461 (2003),3,4696
S/PV.4697,30-Jan,SC/7651,Georgia,2003,0,S/RES/1462 (2003),5,4697
S/PV.4698,30-Jan,SC/7652,Western Sahara,2003,0,S/RES/1463 (2003),3,4698
S/PV.4700,4-Feb,SC/7657,Cote d'Ivoire,2003,1,S/RES/1464 (2003),4,4700
S/PV.4706,13-Feb,SC/7663,Peace and security  terrorist acts,2003,0,S/RES/1465 (2003),0,4706
S/PV.4719,14-Mar,SC/7690,Eritrea-Ethiopia,2003,0,S/RES/1466 (2003),4,4719
S/PV.4720 (Resumption 1),18-Mar,SC/7694,Small arms  West Africa,2003,0,S/RES/1467 (2003),4,4720 (Resumption 1)
S/PV.4723,20-Mar,SC/7699,Democratic Republic of the Congo,2003,0,S/RES/1468 (2003),4,4723
S/PV.4725,25-Mar,SC/7704,Western Sahara,2003,0,S/RES/1469 (2003),3,4725
S/PV.4729,28-Mar,SC/7710,Sierra Leone,2003,0,S/RES/1470 (2003),4,4729
S/PV.4730,28-Mar,SC/7711,Afghanistan,2003,0,S/RES/1471 (2003),1,4730
S/PV.4732,28-Mar,SC/7713,Iraq-Kuwait,2003,1,S/RES/1472 (2003),3,4732
S/PV.4735,4-Apr,SC/7719,Timor-Leste,2003,0,S/RES/1473 (2003),2,4735
S/PV.4737,8-Apr,SC/7721,Somalia,2003,1,S/RES/1474 (2003),4,4737
S/PV.4740,14-Apr,SC/7727,Cyprus,2003,0,S/RES/1475 (2003),5,4740
S/PV.4743,24-Apr,SC/7738,Iraq-Kuwait,2003,1,S/RES/1476 (2003),3,4743
S/PV.4745,29-Apr,SC/7742,International Tribunal  Rwanda,2003,0,S/RES/1477 (2003),4,4745
S/PV.4751,6-May,SC/7752,Liberia,2003,1,S/RES/1478 (2003),4,4751
S/PV.4754,13-May,SC/7758,Cote d'Ivoire,2003,0,S/RES/1479 (2003),4,4754
S/PV.4758,19-May,SC/7762,Timor-Leste,2003,0,S/RES/1480 (2003),2,4758
S/PV.4759,19-May,SC/7763,International Tribunal  Yugoslavia,2003,1,S/RES/1481 (2003),5,4759
S/PV.4760,19-May,SC/7764,International Tribunal  Rwanda,2003,0,S/RES/1482 (2003),4,4760
S/PV.4761,22-May,SC/7765,Iraq-Kuwait termination of trade and financial sanctions,2003,1,S/RES/1483 (2003),3,4761
S/PV.4764,30-May,SC/7772,Democratic Republic of the Congo,2003,1,S/RES/1484 (2003),4,4764
S/PV.4765,30-May,SC/7773,Western Sahara,2003,0,S/RES/1485 (2003),3,4765
S/PV.4771,11-Jun,SC/7786,Cyprus,2003,0,S/RES/1486 (2003),5,4771
S/PV.4772,12-Jun,SC/7789,United Nations peacekeeping,2003,1,S/RES/1487 (2003),0,4772
S/PV.4779,26-Jun,SC/7799,Middle East  UNDOF,2003,0,S/RES/1488 (2003),3,4779
S/PV.4780,26-Jun,SC/7800,Democratic Republic of the Congo,2003,0,S/RES/1489 (2003),4,4780
S/PV.4783,3-Jul,SC/7808,Iraq-Kuwait,2003,1,S/RES/1490 (2003),3,4783
S/PV.4786,11-Jul,SC/7814,Bosnia and Herzegovina,2003,1,S/RES/1491 (2003),5,4786
S/PV.4789,18-Jul,SC/7819,Sierra Leone,2003,0,S/RES/1492 (2003),4,4789
S/PV.4797,28-Jul,SC/7828,Democratic Republic of the Congo,2003,1,S/RES/1493 (2003),4,4797
S/PV.4800,30-Jul,SC/7832,Georgia,2003,0,S/RES/1494 (2003),5,4800
S/PV.4801,31-Jul,SC/7833,Western Sahara,2003,0,S/RES/1495 (2003),3,4801
S/PV.4802,31-Jul,SC/7834,Middle East  UNIFIL,2003,0,S/RES/1496 (2003),3,4802
S/PV.4803,1-Aug,SC/7836,Liberia,2003,1,S/RES/1497 (2003),4,4803
S/PV.4804,4-Aug,SC/7837,Cote d'Ivoire,2003,0,S/RES/1498 (2003),4,4804
S/PV.4807,13-Aug,SC/7841,Democratic Republic of the Congo,2003,0,S/RES/1499 (2003),4,4807
S/PV.4808,14-Aug,SC/7843,Iraq-Kuwait,2003,0,S/RES/1500 (2003),3,4808
S/PV.4813,26-Aug,SC/7852,Democratic Republic of the Congo,2003,1,S/RES/1501 (2003),4,4813
S/PV.4814,26-Aug,SC/7856,Protection of UN personnel,2003,0,S/RES/1502 (2003),0,4814
S/PV.4817,28-Aug,SC/7859,International Tribunal  Rwanda & Yugoslavia,2003,0,S/RES/1503 (2003),0,4817
S/PV.4819,4-Sep,SC/7864,International Tribunal  Rwanda & Yugoslavia,2003,0,S/RES/1504 (2003),0,4819
S/PV.4820,12-Sep,SC/7868,Libyan Arab Jamahiriya,2003,1,S/RES/1506 (2003),3,4820
S/PV.4822,12-Sep,SC/7869,Eritrea-Ethiopia,2003,0,S/RES/1507 (2003),4,4822
S/PV.4829,19-Sep,SC/7877,Sierra Leone,2003,0,S/RES/1508 (2003),4,4829
S/PV.4830,19-Sep,SC/7878,Liberia,2003,1,S/RES/1509 (2003),4,4830
S/PV.4840,13-Oct,SC/7894,Afghanistan,2003,1,S/RES/1510 (2003),1,4840
S/PV.4844,16-Oct,SC/7898,Iraq-Kuwait,2003,1,S/RES/1511 (2003),3,4844
S/PV.4849,27-Oct,SC/7905,International Tribunal  Rwanda,2003,1,S/RES/1512 (2003),4,4849
S/PV.4850,28-Oct,SC/7906,Western Sahara,2003,0,S/RES/1513 (2003),3,4850
S/PV.4857,13-Nov,SC/7917,Cote d'Ivoire,2003,0,S/RES/1514 (2003),4,4857
S/PV.4862,19-Nov,SC/7924,"Middle East situation, including the Palestinian question",2003,0,S/RES/1515 (2003),3,4862
S/PV.4867,20-Nov,SC/7929,Peace and security  terrorist acts,2003,0,S/RES/1516 (2003),0,4867
S/PV.4870,24-Nov,SC/7934,Cyprus,2003,0,S/RES/1517 (2003),5,4870
S/PV.4872,24-Nov,SC/7936,Iraq-Kuwait,2003,1,S/RES/1518 (2003),3,4872
S/PV.4885,16-Dec,SC/7957,Somalia,2003,1,S/RES/1519 (2003),4,4885
S/PV.4889,22-Dec,SC/7964,Middle East  UNDOF,2003,0,S/RES/1520 (2003),3,4889
S/PV.4890,22-Dec,SC/7965,Liberia,2003,1,S/RES/1521 (2003),4,4890
S/PV.4894,15-Jan,SC/7980,Democratic Republic of the Congo,2004,0,S/RES/1522 (2004),4,4894
S/PV.4905,30-Jan,SC/7992,Western Sahara,2004,0,S/RES/1523 (2004),3,4905
S/PV.4906,30-Jan,SC/7993,Georgia,2004,0,S/RES/1524 (2004),5,4906
S/PV.4907,30-Jan,SC/7994,Middle East  UNIFIL,2004,0,S/RES/1525 (2004),3,4907
S/PV.4908,30-Jan,SC/7995,Peace and security  terrorist acts,2004,1,S/RES/1526 (2004),0,4908
S/PV.4909,4-Feb,SC/7998,Cote d'Ivoire,2004,1,S/RES/1527 (2004),4,4909
S/PV.4918,27-Feb,SC/8012,Cote d'Ivoire,2004,1,S/RES/1528 (2004),4,4918
S/PV.4919,29 February,SC/8015,Haiti,2004,1,S/RES/1529 (2004),6,4919
S/PV.4923,11-Mar,SC/8022,Peace and security  terrorist acts,2004,0,S/RES/1530 (2004),0,4923
S/PV.4924,12-Mar,SC/8023,Eritrea-Ethiopia,2004,0,S/RES/1531 (2004),4,4924
S/PV.4925,12-Mar,SC/8024,Liberia,2004,1,S/RES/1532 (2004),4,4925
S/PV.4926,12-Mar,SC/8025,Democratic Republic of the Congo,2004,1,S/RES/1533 (2004),4,4926
S/PV.4935,26-Mar,SC/8040,International Tribunal  Rwanda & Yugoslavia,2004,1,S/RES/1534 (2004),0,4935
S/PV.4936,26-Mar,SC/8041,Peace and security  terrorist acts,2004,1,S/RES/1535 (2004),0,4936
S/PV.4937,26-Mar,SC/8042,Afghanistan,2004,0,S/RES/1536 (2004),1,4937
S/PV.4938,30-Mar,SC/8045,Sierra Leone,2004,0,S/RES/1537 (2004),4,4938
S/PV.4946,21-Apr,SC/8064,Iraq-Kuwait,2004,0,S/RES/1538 (2004),3,4946
S/PV.4948,22-Apr,SC/8068,Children and armed conflict,2004,0,S/RES/1539 (2004),0,4948
S/PV.4956,28-Apr,SC/8076,Non-proliferation of weapons of mass destruction,2004,1,S/RES/1540 (2004),0,4956
S/PV.4957,29-Apr,SC/8077,Western Sahara,2004,0,S/RES/1541 (2004),3,4957
S/PV.4961,30-Apr,SC/8083,Haiti,2004,1,S/RES/1542 (2004),6,4961
S/PV.4968,14-May,SC/8092,Timor-Leste,2004,0,S/RES/1543 (2004),2,4968
S/PV.4972,19-May,SC/8098,"Middle East situation, including the Palestinian question",2004,0,S/RES/1544 (2004),3,4972
S/PV.4975,21-May,SC/8101,Burundi,2004,1,S/RES/1545 (2004),4,4975
S/PV.4987,8-Jun,SC/8117,Iraq-Kuwait,2004,1,S/RES/1546 (2004),3,4987
S/PV.4988,11-Jun,SC/8120,Sudan,2004,0,S/RES/1547 (2004),4,4988
S/PV.4989,11-Jun,SC/8121,Cyprus,2004,0,S/RES/1548 (2004),5,4989
S/PV.4991,17-Jun,SC/8126,Liberia,2004,0,S/RES/1549 (2004),4,4991
S/PV.4998,29-Jun,SC/8137,Middle East  UNDOF,2004,0,S/RES/1550 (2004),3,4998
S/PV.5001,9-Jul,SC/8144,Bosnia and Herzegovina,2004,1,S/RES/1551 (2004),5,5001
S/PV.5011,27-Jul,SC/8156,Democratic Republic of the Congo,2004,1,S/RES/1552 (2004),4,5011
S/PV.5012,29-Jul,SC/8157,Middle East  UNIFIL,2004,0,S/RES/1553 (2004),3,5012
S/PV.5013,29-Jul,SC/8158,Georgia,2004,0,S/RES/1554 (2004),5,5013
S/PV.5014,29-Jul,SC/8159,Democratic Republic of the Congo,2004,1,S/RES/1555 (2004),4,5014
S/PV.5015+Corr.1,30-Jul,SC/8160,Sudan,2004,1,S/RES/1556 (2004),4,5015+Corr
S/PV.5020,12-Aug,SC/8167,Iraq-Kuwait,2004,0,S/RES/1557 (2004),3,5020
S/PV.5022,17-Aug,SC/8169,Somalia,2004,1,S/RES/1558 (2004),4,5022
S/PV.5028,2 Sep.,SC/8181,Middle East  Lebanon,2004,0,S/RES/1559 (2004),3,5028
S/PV.5032,14-Sep,SC/8185,Eritrea-Ethiopia,2004,0,S/RES/1560 (2004),4,5032
S/PV.5036,17-Sep,SC/8187,Liberia,2004,0,S/RES/1561 (2004),4,5036
S/PV.5037,17-Sep,SC/8188,Sierra Leone,2004,1,S/RES/1562 (2004),4,5037
S/PV.5038,17-Sep,SC/8189,Afghanistan,2004,1,S/RES/1563 (2004),1,5038
S/PV.5040,18-Sep,SC/8191,Sudan,2004,1,S/RES/1564 (2004),4,5040
S/PV.5048,1-Oct,SC/8203,Democratic Republic of the Congo,2004,1,S/RES/1565 (2004),4,5048
S/PV.5053,8-Oct,SC/8214,Peace and security  terrorist acts,2004,1,S/RES/1566 (2004),0,5053
S/PV.5057,14-Oct,SC/8218,International Tribunal  Yugoslavia,2004,0,S/RES/1567 (2004),5,5057
S/PV.5061,22-Oct,SC/8223,Cyprus,2004,0,S/RES/1568 (2004),5,5061
S/PV.5063,26-Oct,SC/8224,Security Council meetings in Nairobi (18-19 November 2004),2004,0,S/RES/1569 (2004),0,5063
S/PV.5068,28-Oct,SC/8232,Western Sahara,2004,0,S/RES/1570 (2004),3,5068
S/PV.5078,15-Nov,SC/8245,Cote d'Ivoire,2004,1,S/RES/1572 (2004),4,5078
S/PV.5079,16-Nov,SC/8246,Timor-Leste,2004,0,S/RES/1573 (2004),2,5079
S/PV.5082(meeting held in Nairobi),19-Nov,SC/8249,Sudan,2004,0,S/RES/1574 (2004),4,5082(meeting held in Nairobi)
S/PV.5085,22-Nov,SC/8250,Bosnia and Herzegovina,2004,1,S/RES/1575 (2004),5,5085
S/PV.5090,29-Nov,SC/8254,Haiti,2004,1,S/RES/1576 (2004),6,5090
S/PV.5093,1-Dec,SC/8258,Burundi,2004,1,S/RES/1577 (2004),4,5093
S/PV.5101,15-Dec,SC/8268,Middle East  UNDOF,2004,0,S/RES/1578 (2004),3,5101
S/PV.5105,21-Dec,SC/8275,Liberia,2004,1,S/RES/1579 (2004),4,5105
S/PV.5107,22-Dec,SC/8278,Guinea-Bissau,2004,0,S/RES/1580 (2004),4,5107
S/PV.5112,18-Jan,SC/8294,International Tribunal  Yugoslavia,2005,0,S/RES/1581 (2005),5,5112
S/PV.5116,28-Jan,SC/8298,Georgia,2005,0,S/RES/1582 (2005),5,5116
S/PV.5117,28-Jan,SC/8299,Middle East  UNIFIL,2005,0,S/RES/1583 (2005),3,5117
S/PV.5118,1-Feb,SC/8304,Cote d'Ivoire,2005,1,S/RES/1584 (2005),4,5118
S/PV.5137,10-Mar,SC/8332,Sudan,2005,0,S/RES/1585 (2005),4,5137
S/PV.5139,14-Mar,SC/8334,Eritrea-Ethiopia,2005,0,S/RES/1586 (2005),4,5139
S/PV.5142,15-Mar,SC/8337,Somalia,2005,1,S/RES/1587 (2005),4,5142
S/PV.5143,17-Mar,SC/8338,Sudan,2005,0,S/RES/1588 (2005),4,5143
S/PV.5148,24-Mar,SC/8341,Afghanistan,2005,0,S/RES/1589 (2005),1,5148
S/PV.5151,24-Mar,SC/8343,Sudan,2005,1,S/RES/1590 (2005),4,5151
S/PV.5153,29-Mar,SC/8346,Sudan,2005,1,S/RES/1591 (2005),4,5153
S/PV.5155,30-Mar,SC/8347,Democratic Republic of the Congo,2005,1,S/RES/1592 (2005),4,5155
S/PV.5158,31-Mar,SC/8351,Sudan,2005,1,S/RES/1593 (2005),4,5158
S/PV.5159,4-Apr,SC/8352,Cote d'Ivoire,2005,1,S/RES/1594 (2005),4,5159
S/PV.5160,7-Apr,SC/8353,Middle East  Lebanon,2005,0,S/RES/1595 (2005),3,5160
S/PV.5163,18-Apr,SC/8361,Democratic Republic of the Congo,2005,1,S/RES/1596 (2005),4,5163
S/PV.5165,20-Apr,SC/8364,International Tribunal  Yugoslavia,2005,1,S/RES/1597 (2005),5,5165
S/PV.5170,28-Apr,SC/8370,Western Sahara,2005,0,S/RES/1598 (2005),3,5170
S/PV.5171,28-Apr,SC/8371,Timor-Leste,2005,0,S/RES/1599 (2005),2,5171
S/PV.5173,4-May,SC/8378,Cote d'Ivoire,2005,1,S/RES/1600 (2005),4,5173
S/PV.5192,31-May,SC/8401,Haiti,2005,1,S/RES/1601 (2005),6,5192
S/PV.5193,31-May,SC/8402,Burundi,2005,1,S/RES/1602 (2005),4,5193
S/PV.5194,3-Jun,SC/8404,Cote d'Ivoire,2005,1,S/RES/1603 (2005),4,5194
S/PV.5202,15-Jun,SC/8412,Cyprus,2005,0,S/RES/1604 (2005),5,5202
S/PV.5205,17-Jun,SC/8416,UNDOF,2005,0,S/RES/1605 (2005),3,5205
S/PV.5207,20-Jun,SC/8418,Burundi,2005,0,S/RES/1606 (2005),4,5207
S/PV.5208,21-Jun,SC/8419,Liberia,2005,1,S/RES/1607 (2005),4,5208
S/PV.5210,22-Jun,SC/8421,Haiti,2005,1,S/RES/1608 (2005),6,5210
S/PV.5213,24-Jun,SC/8426,Cote d'Ivoire,2005,1,S/RES/1609 (2005),4,5213
S/PV.5219,30-Jun,SC/8432,Sierra Leone,2005,1,S/RES/1610 (2005),4,5219
S/PV.5223,7-Jul,SC/8438,Peace and security  terrorist acts,2005,0,S/RES/1611 (2005),0,5223
S/PV.5235,26-Jul,SC/8458,Children and armed conflict,2005,0,S/RES/1612 (2005),0,5235
S/PV.5236,26-Jul,SC/8459,International Tribunal  Yugoslavia,2005,0,S/RES/1613 (2005),5,5236
S/PV.5241,29-Jul,SC/8465,Middle East  UNIFIL,2005,0,S/RES/1614 (2005),3,5241
S/PV.5242,29-Jul,SC/8466,Georgia,2005,0,S/RES/1615 (2005),5,5242
S/PV.5243,29-Jul,SC/8467,Democratic Republic of the Congo,2005,1,S/RES/1616 (2005),4,5243
S/PV.5244,29-Jul,SC/8468,Peace and security  terrorist acts,2005,1,S/RES/1617 (2005),0,5244
S/PV.5246,4-Aug,SC/8471,Peace and security  terrorist acts,2005,0,S/RES/1618 (2005),0,5246
S/PV.5247,11-Aug,SC/8473,Iraq,2005,0,S/RES/1619 (2005),3,5247
S/PV.5254,31-Aug,SC/8487,Sierra Leone,2005,0,S/RES/1620 (2005),4,5254
S/PV.5255,6-Sep,SC/8491,Democratic Republic of the Congo,2005,1,S/RES/1621 (2005),4,5255
S/PV.5259,13-Sep,SC/8494,Eritrea-Ethiopia,2005,0,S/RES/1622 (2005),4,5259
S/PV.5260,13-Sep,SC/8495,Afghanistan,2005,1,S/RES/1623 (2005),1,5260
S/PV.5261,14-Sep,SC/8496,Peace and security  terrorist acts - Peace and security  Africa,2005,0,S/RES/1624 (2005),0,5261
S/PV.5263,19-Sep,SC/8499,Liberia,2005,1,S/RES/1626 (2005),4,5263
S/PV.5269,23-Sep,SC/8509,Sudan,2005,0,S/RES/1627 (2005),4,5269
S/PV.5272,30-Sep,SC/8513,Democratic Republic of the Congo,2005,1,S/RES/1628 (2005),4,5272
S/PV.5273,30-Sep,SC/8514,International Tribunal  Yugoslavia,2005,0,S/RES/1629 (2005),5,5273
S/PV.5280,14-Oct,SC/8523,Somalia,2005,1,S/RES/1630 (2005),4,5280
S/PV.5282 (Resumption 1),17-Oct,SC/8526,Cooperation between the United Nations and regional organizations in maintaining international peace and security,2005,0,S/RES/1631 (2005),0,5282 (Resumption 1)
S/PV.5283,18-Oct,SC/8529,Cote d'Ivoire,2005,1,S/RES/1632 (2005),4,5283
S/PV.5288,21-Oct,SC/8532,Cote d'Ivoire,2005,1,S/RES/1633 (2005),4,5288
S/PV.5295,28-Oct,SC/8540,Western Sahara,2005,0,S/RES/1634 (2005),3,5295
S/PV.5296,28-Oct,SC/8541,Democratic Republic of the Congo,2005,1,S/RES/1635 (2005),4,5296
S/PV.5297,31-Oct,SC/8543,Middle East situation,2005,1,S/RES/1636 (2005),3,5297
S/PV.5300,8-Nov,SC/8550,Iraq,2005,1,S/RES/1637 (2005),3,5300
S/PV.5304,11-Nov,SC/8554,Liberia,2005,1,S/RES/1638 (2005),4,5304
S/PV.5307,21-Nov,SC/8560,Bosnia and Herzegovina,2005,1,S/RES/1639 (2005),5,5307
S/PV.5308,23-Nov,SC/8561,Eritrea-Ethiopia,2005,0,S/RES/1640 (2005),4,5308
S/PV.5311,30-Nov,SC/8564,Burundi,2005,1,S/RES/1641 (2005),4,5311
S/PV.5324,14-Dec,SC/8582,Cyprus,2005,0,S/RES/1642 (2005),5,5324
S/PV.5327,15-Dec,SC/8585,Cote d'Ivoire,2005,1,S/RES/1643 (2005),4,5327
S/PV.5329,15-Dec,SC/8587,Middle East situation,2005,1,S/RES/1644 (2005),3,5329
S/PV.5335,20-Dec,SC/8593,Post-conflict peacebuilding,2005,0,S/RES/1645 (2005),0,5335
S/PV.5336,20-Dec,SC/8594,Liberia,2005,1,S/RES/1647 (2005),4,5336
S/PV.5339,21-Dec,SC/8598,Middle East situation,2005,0,S/RES/1648 (2005),3,5339
S/PV.5340,21-Dec,SC/8599,Democratic Republic of the Congo,2005,1,S/RES/1649 (2005),4,5340
S/PV.5341,21-Dec,SC/8600,Burundi,2005,1,S/RES/1650 (2005),4,5341
S/PV.5342,21-Dec,SC/8601,Sudan,2005,1,S/RES/1651 (2005),4,5342
S/PV.5354,24-Jan,SC/8619,Cote d'Ivoire,2006,1,S/RES/1652 (2006),4,5354
S/PV.5359 (Resumption 1),27-Jan,SC/8621,Great Lakes region,2006,0,S/RES/1653 (2006),4,5359 (Resumption 1)
S/PV.5360,31-Jan,SC/8622,Democratic Republic of the Congo,2006,1,S/RES/1654 (2006),4,5360
S/PV.5362,31-Jan,SC/8625,Middle East situation,2006,0,S/RES/1655 (2006),3,5362
S/PV.5363,31-Jan,SC/8626,Georgia,2006,0,S/RES/1656 (2006),5,5363
S/PV.5366,6-Feb,SC/8630,Cote d'Ivoire,2006,1,S/RES/1657 (2006),4,5366
S/PV.5372,14-Feb,SC/8639,Haiti,2006,1,S/RES/1658 (2006),6,5372
S/PV.5374,15-Feb,SC/8641,Afghanistan,2006,0,S/RES/1659 (2006),1,5374
S/PV.5382,28-Feb,SC/8653,International Tribunal  Yugoslavia,2006,1,S/RES/1660 (2006),5,5382
S/PV.5384,14-Mar,SC/8659,Eritrea-Ethiopia,2006,0,S/RES/1661 (2006),4,5384
S/PV.5393,23-Mar,SC/8669,Afghanistan,2006,0,S/RES/1662 (2006),1,5393
S/PV.5396,24-Mar,SC/8672,Sudan,2006,0,S/RES/1663 (2006),4,5396
S/PV.5401,29-Mar,SC/8677,Middle East situation,2006,0,S/RES/1664 (2006),3,5401
S/PV.5402,29-Mar,SC/8678,Sudan,2006,1,S/RES/1665 (2006),4,5402
S/PV.5405,31-Mar,SC/8683,Georgia,2006,0,S/RES/1666 (2006),5,5405
S/PV.5406,31-Mar,SC/8684,Liberia,2006,1,S/RES/1667 (2006),4,5406
S/PV.5407,10-Apr,SC/8686,International Tribunal  Yugoslavia,2006,0,S/RES/1668 (2006),5,5407
S/PV.5408,10-Apr,SC/8687,Democratic Republic of the Congo,2006,1,S/RES/1669 (2006),4,5408
S/PV.5410,13-Apr,SC/8689,Eritrea-Ethiopia,2006,0,S/RES/1670 (2006),4,5410
S/PV.5421,25-Apr,SC/8698,Democratic Republic of the Congo,2006,1,S/RES/1671 (2006),4,5421
S/PV.5423,25-Apr,SC/8700,Sudan,2006,1,S/RES/1672 (2006),4,5423
S/PV.5429,27-Apr,SC/8708,Non-proliferation of weapons of mass destruction,2006,1,S/RES/1673 (2006),0,5429
S/PV.5430,28-Apr,SC/8710,Civilians in armed conflict,2006,0,S/RES/1674 (2006),0,5430
S/PV.5431,28-Apr,SC/8711,Western Sahara,2006,0,S/RES/1675 (2006),3,5431
S/PV.5435,10-May,SC/8715,Somalia,2006,1,S/RES/1676 (2006),4,5435
S/PV.5436,12-May,SC/8716,Timor-Leste,2006,0,S/RES/1677 (2006),2,5436
S/PV.5437,15-May,SC/8718,Eritrea-Ethiopia,2006,0,S/RES/1678 (2006),4,5437
S/PV.5439,16-May,SC/8721,Sudan,2006,1,S/RES/1679 (2006),4,5439
S/PV.5440,17-May,SC/8723,Middle East situation,2006,0,S/RES/1680 (2006),3,5440
S/PV.5450,31-May,SC/8736,Eritrea-Ethiopia,2006,0,S/RES/1681 (2006),4,5450
S/PV.5451,2-Jun,SC/8737,Cote d'Ivoire,2006,1,S/RES/1682 (2006),4,5451
S/PV.5454,13-Jun,SC/8742,Liberia,2006,1,S/RES/1683 (2006),4,5454
S/PV.5455,13-Jun,SC/8743,International Tribunal  Rwanda,2006,0,S/RES/1684 (2006),4,5455
S/PV.5456,13-Jun,SC/8744,Middle East situation,2006,0,S/RES/1685 (2006),3,5456
S/PV.5461,15-Jun,SC/8749,Middle East situation,2006,0,S/RES/1686 (2006),3,5461
S/PV.5465,15-Jun,SC/8753,Cyprus,2006,0,S/RES/1687 (2006),5,5465
S/PV.5467,16-Jun,SC/8755,Sierra Leone,2006,1,S/RES/1688 (2006),4,5467
S/PV.5468,20-Jun,SC/8756,Liberia,2006,1,S/RES/1689 (2006),4,5468
S/PV.5469,20-Jun,SC/8757,Timor-Leste,2006,0,S/RES/1690 (2006),2,5469
S/PV.5479,30-Jun,SC/8766,Burundi,2006,1,S/RES/1692 (2006),4,5479
S/PV.5480,30-Jun,SC/8767,Security Council mission  Democratic Republic of the Congo,2006,1,S/RES/1693 (2006),4,5480
S/PV.5487,13-Jul,SC/8774,Liberia,2006,1,S/RES/1694 (2006),4,5487
S/PV.5490,15-Jul,SC/8778,Democratic People's Republic of Korea,2006,0,S/RES/1695 (2006),1,5490
S/PV.5500,31-Jul,SC/8792,Non-proliferation,2006,0,S/RES/1696 (2006),0,5500
S/PV.5501,31-Jul,SC/8793,Middle East situation,2006,0,S/RES/1697 (2006),3,5501
S/PV.5502,31-Jul,SC/8794,Democratic Republic of the Congo,2006,1,S/RES/1698 (2006),4,5502
S/PV.5507,8-Aug,SC/8803,Sanctions,2006,0,S/RES/1699 (2006),0,5507
S/PV.5510,10-Aug,SC/8807,Iraq,2006,0,S/RES/1700 (2006),3,5510
S/PV.5511+Corr.1,11-Aug,SC/8808,Middle East situation,2006,0,S/RES/1701 (2006),3,5511+Corr
S/PV.5513,15-Aug,SC/8811,Haiti,2006,1,S/RES/1702 (2006),6,5513
S/PV.5514,18-Aug,SC/8812,Timor-Leste,2006,0,S/RES/1703 (2006),2,5514
S/PV.5516,25-Aug,SC/8817,Timor-Leste,2006,0,S/RES/1704 (2006),2,5516
S/PV.5518,29-Aug,SC/8819,International Tribunal  Rwanda,2006,0,S/RES/1705 (2006),4,5518
S/PV.5519,31-Aug,SC/8821,Sudan,2006,1,S/RES/1706 (2006),4,5519
S/PV.5521,12-Sep,SC/8826,Afghanistan,2006,1,S/RES/1707 (2006),1,5521
S/PV.5524,14-Sep,SC/8830,Cote d'Ivoire,2006,1,S/RES/1708 (2006),4,5524
S/PV.5532+Corr.1,22-Sep,SC/8838,Sudan,2006,0,S/RES/1709 (2006),4,5532+Corr
S/PV.5540,29-Sep,SC/8842,Eritrea-Ethiopia,2006,0,S/RES/1710 (2006),4,5540
S/PV.5541,29-Sep,SC/8843,Democratic Republic of the Congo,2006,1,S/RES/1711 (2006),4,5541
S/PV.5542,29-Sep,SC/8844,Liberia,2006,1,S/RES/1712 (2006),4,5542
S/PV.5543,29-Sep,SC/8845,Sudan,2006,1,S/RES/1713 (2006),4,5543
S/PV.5545,6-Oct,SC/8848,Sudan,2006,0,S/RES/1714 (2006),4,5545
S/PV.5549,13-Oct,SC/8851,Georgia,2006,0,S/RES/1716 (2006),5,5549
S/PV.5550,13-Oct,SC/8852,International Tribunal  Rwanda,2006,0,S/RES/1717 (2006),4,5550
S/PV.5551,14-Oct,SC/8853,Non-proliferation / Democratic People's Republic of Korea,2006,1,S/RES/1718 (2006),1,5551
S/PV.5554,25-Oct,SC/8857,Burundi,2006,0,S/RES/1719 (2006),4,5554
S/PV.5560,31-Oct,SC/8860,Western Sahara,2006,0,S/RES/1720 (2006),3,5560
S/PV.5561,1-Nov,SC/8861,Cote d'Ivoire,2006,1,S/RES/1721 (2006),4,5561
S/PV.5567,21-Nov,SC/8871,Bosnia and Herzegovina,2006,1,S/RES/1722 (2006),5,5567
S/PV.5574,28-Nov,SC/8879,Iraq,2006,1,S/RES/1723 (2006),3,5574
S/PV.5575,29-Nov,SC/8880,Somalia,2006,1,S/RES/1724 (2006),4,5575
S/PV.5579,6-Dec,SC/8887,Somalia,2006,1,S/RES/1725 (2006),4,5579
S/PV.5591,15-Dec,SC/8903,Cote d'Ivoire,2006,1,S/RES/1726 (2006),4,5591
S/PV.5592,15-Dec,SC/8904,Cote d'Ivoire,2006,1,S/RES/1727 (2006),4,5592
S/PV.5593,15-Dec,SC/8905,Cyprus,2006,0,S/RES/1728 (2006),5,5593
S/PV.5596,15-Dec,SC/8908,Middle East situation,2006,0,S/RES/1729 (2006),3,5596
S/PV.5599,19-Dec,SC/8913,Sanctions,2006,0,S/RES/1730 (2006),0,5599
S/PV.5602,20-Dec,SC/8916,Liberia,2006,1,S/RES/1731 (2006),4,5602
S/PV.5605,21-Dec,SC/8919,Sanctions,2006,0,S/RES/1732 (2006),0,5605
S/PV.5608,22-Dec,SC/8924,Sierra Leone,2006,0,S/RES/1734 (2006),4,5608
S/PV.5609,22-Dec,SC/8925,Peace and security  terrorist acts,2006,1,S/RES/1735 (2006),0,5609
S/PV.5610,22-Dec,SC/8926,Democratic Republic of the Congo,2006,1,S/RES/1736 (2006),4,5610
S/PV.5612,23-Dec,SC/8928,Non-proliferation  Iran,2006,0,S/RES/1737 (2006),3,5612
S/PV.5613,23-Dec,SC/8929,Civilians in armed conflict,2006,0,S/RES/1738 (2006),0,5613
S/PV.5617,10-Jan,SC/8937,Cote d'Ivoire,2007,1,S/RES/1739 (2007),4,5617
S/PV.5622,23-Jan,SC/8942,Nepal,2007,0,S/RES/1740 (2007),1,5622
S/PV.5626,30-Jan,SC/8944,Eritrea-Ethiopia,2007,0,S/RES/1741 (2007),4,5626
S/PV.5630,15-Feb,SC/8955,Democratic Republic of the Congo,2007,1,S/RES/1742 (2007),4,5630
S/PV.5631,15-Feb,SC/8956,Haiti,2007,1,S/RES/1743 (2007),6,5631
S/PV.5633,20-Feb,SC/8960,Somalia,2007,1,S/RES/1744 (2007),4,5633
S/PV.5634,22-Feb,SC/8962,Timor-Leste,2007,0,S/RES/1745 (2007),2,5634
S/PV.5645,23-Mar,SC/8977,Afghanistan,2007,0,S/RES/1746 (2007),1,5645
S/PV.5647,24-Mar,SC/8980,Non-proliferation  Iran,2007,0,S/RES/1747 (2007),3,5647
S/PV.5648,27-Mar,SC/8982,Middle East situation,2007,0,S/RES/1748 (2007),3,5648
S/PV.5650,28-Mar,SC/8985,Rwanda,2007,1,S/RES/1749 (2007),4,5650
S/PV.5652,30-Mar,SC/8990,Liberia,2007,1,S/RES/1750 (2007),4,5652
S/PV.5660,13-Apr,SC/8996,Democratic Republic of the Congo,2007,1,S/RES/1751 (2007),4,5660
S/PV.5661,13-Apr,SC/8997,Georgia,2007,0,S/RES/1752 (2007),5,5661
S/PV.5668,27-Apr,SC/9006,Liberia,2007,1,S/RES/1753 (2007),4,5668
S/PV.5669,30-Apr,SC/9007,Western Sahara,2007,0,S/RES/1754 (2007),3,5669
S/PV.5670,30-Apr,SC/9008,Sudan,2007,0,S/RES/1755 (2007),4,5670
S/PV.5674,15-May,SC/9016,Democratic Republic of the Congo,2007,1,S/RES/1756 (2007),4,5674
S/PV.5685,30-May,SC/9029,Middle East situation,2007,1,S/RES/1757 (2007),3,5685
S/PV.5696,15-Jun,SC/9047,Cyprus,2007,0,S/RES/1758 (2007),5,5696
S/PV.5698,20-Jun,SC/9050,Middle East situation,2007,0,S/RES/1759 (2007),3,5698
S/PV.5699,20-Jun,SC/9051,Liberia,2007,1,S/RES/1760 (2007),4,5699
S/PV.5700,20-Jun,SC/9052,Cote d'Ivoire,2007,1,S/RES/1761 (2007),4,5700
S/PV.5710,29-Jun,SC/9064,Iraq,2007,1,S/RES/1762 (2007),3,5710
S/PV.5711,29-Jun,SC/9065,Cote d'Ivoire,2007,1,S/RES/1763 (2007),4,5711
S/PV.5713,29-Jun,SC/9067,Bosnia and Herzegovina,2007,0,S/RES/1764 (2007),5,5713
S/PV.5716,16-Jul,SC/9078,Cote d'Ivoire,2007,1,S/RES/1765 (2007),4,5716
S/PV.5720,23-Jul,SC/9083,Somalia,2007,1,S/RES/1766 (2007),4,5720
S/PV.5725,30-Jul,SC/9086,Eritrea-Ethiopia,2007,0,S/RES/1767 (2007),4,5725
S/PV.5726,31-Jul,SC/9088,Democratic Republic of the Congo,2007,1,S/RES/1768 (2007),4,5726
S/PV.5727,31-Jul,SC/9089,Sudan,2007,1,S/RES/1769 (2007),4,5727
S/PV.5729,10-Aug,SC/9095,Iraq,2007,0,S/RES/1770 (2007),3,5729
S/PV.5730,10-Aug,SC/9097,Democratic Republic of the Congo,2007,1,S/RES/1771 (2007),4,5730
S/PV.5732,20-Aug,SC/9101,Somalia,2007,1,S/RES/1772 (2007),4,5732
S/PV.5733,24-Aug,SC/9102,Middle East situation,2007,0,S/RES/1773 (2007),3,5733
S/PV.5741,14-Sep,SC/9114,International Tribunal  Rwanda,2007,0,S/RES/1774 (2007),4,5741
S/PV.5742,14-Sep,SC/9115,International Tribunal  Yugoslavia,2007,0,S/RES/1775 (2007),5,5742
S/PV.5744,19-Sep,SC/9122,Afghanistan,2007,1,S/RES/1776 (2007),1,5744
S/PV.5745,20-Sep,SC/9123,Liberia,2007,1,S/RES/1777 (2007),4,5745
S/PV.5748,25-Sep,SC/9127,"Chad, the Central African Republic and the subregion",2007,1,S/RES/1778 (2007),4,5748
S/PV.5750,28-Sep,SC/9131,Sudan,2007,1,S/RES/1779 (2007),4,5750
S/PV.5758,15-Oct,SC/9141,Haiti,2007,1,S/RES/1780 (2007),6,5758
S/PV.5759,15-Oct,SC/9142,Georgia,2007,0,S/RES/1781 (2007),5,5759
S/PV.5772,29-Oct,SC/9158,Cote d'Ivoire,2007,1,S/RES/1782 (2007),4,5772
S/PV.5773,31-Oct,SC/9159,Western Sahara,2007,0,S/RES/1783 (2007),3,5773
S/PV.5774,31-Oct,SC/9160,Reports of the Secretary-General on the Sudan,2007,0,S/RES/1784 (2007),4,5774
S/PV.5782,21-Nov,SC/9176,Bosnia and Herzegovina,2007,1,S/RES/1785 (2007),5,5782
S/PV.5785,28-Nov,SC/9179,International Tribunal  Yugoslavia,2007,0,S/RES/1786 (2007),5,5785
S/PV.5795,10-Dec,SC/9191,Peace and security  terrorist acts,2007,0,S/RES/1787 (2007),0,5795
S/PV.5802,14-Dec,SC/9200,Middle East situation,2007,0,S/RES/1788 (2007),3,5802
S/PV.5803,14-Dec,SC/9201,Cyprus,2007,0,S/RES/1789 (2007),5,5803
S/PV.5808,18-Dec,SC/9207,Iraq,2007,1,S/RES/1790 (2007),3,5808
S/PV.5809,19-Dec,SC/9208,Burundi,2007,0,S/RES/1791 (2007),4,5809
S/PV.5810,19-Dec,SC/9209,Liberia,2007,1,S/RES/1792 (2007),4,5810
S/PV.5813,21-Dec,SC/9212,Sierra Leone,2007,1,S/RES/1793 (2007),4,5813
S/PV.5814,21-Dec,SC/9213,Democratic Republic of the Congo,2007,1,S/RES/1794 (2007),4,5814
S/PV.5820,15-Jan,SC/9225,Cote d'Ivoire,2008,1,S/RES/1795   (2008),4,5820
S/PV.5825,23-Jan,SC/9233,Report of the Secretary-General on the request of Nepal for United   Nations assistance in support of its peace process,2008,0,S/RES/1796   (2008),1,5825
S/PV.5828,30-Jan,SC/9236,Democratic Republic of the Congo,2008,0,S/RES/1797   (2008),4,5828
S/PV.5829,30-Jan,SC/9237,Eritrea-Ethiopia,2008,0,S/RES/1798   (2008),4,5829
S/PV.5836,15-Feb,SC/9248,Democratic Republic of the Congo,2008,1,S/RES/1799   (2008),4,5836
S/PV.5841,20-Feb,SC/9257,International Tribunal  Yugoslavia,2008,1,S/RES/1800   (2008),5,5841
S/PV.5842,20-Feb,SC/9258,Somalia,2008,1,S/RES/1801   (2008),4,5842
S/PV.5844,25-Feb,SC/9262,Timor-Leste,2008,0,S/RES/1802   (2008),2,5844
S/PV.5848,3-Mar,SC/9268,Non-proliferation  Iran,2008,0,S/RES/1803   (2008),3,5848
S/PV.5852,13-Mar,SC/9275,Great Lakes region,2008,0,S/RES/1804   (2008),4,5852
S/PV.5856,20-Mar,SC/9280,Peace and security  terrorist acts,2008,0,S/RES/1805   (2008),0,5856
S/PV.5857,20-Mar,SC/9281,Afghanistan,2008,0,S/RES/1806   (2008),1,5857
S/PV.5861,31-Mar,SC/9289,Democratic Republic of the Congo,2008,1,S/RES/1807   (2008),4,5861
S/PV.5866,15-Apr,SC/9299,Georgia,2008,0,S/RES/1808   (2008),5,5866
S/PV.5868   (Resumption 1),16-Apr,SC/9301,Peace and security in Africa,2008,0,S/RES/1809   (2008),4,5868   (Resumption 1)
S/PV.5877,25-Apr,SC/9310,Non-proliferation of weapons of mass destruction,2008,1,S/RES/1810   (2008),0,5877
S/PV.5879,29-Apr,SC/9314,Somalia,2008,1,S/RES/1811   (2008),4,5879
S/PV.5882,30-Apr,SC/9317,Sudan,2008,0,S/RES/1812   (2008),4,5882
S/PV.5884,30-Apr,SC/9319,Western Sahara,2008,0,S/RES/1813   (2008),3,5884
S/PV.5893,15-May,SC/9331,Somalia,2008,1,S/RES/1814   (2008),4,5893
S/PV.5901,2-Jun,SC/9343,Middle East situation,2008,0,S/RES/1815   (2008),3,5901
S/PV.5902,2-Jun,SC/9344,Somalia,2008,1,S/RES/1816   (2008),4,5902
S/PV.5907,11-Jun,SC/9352,Afghanistan,2008,0,S/RES/1817   (2008),1,5907
S/PV.5911,13-Jun,SC/9357,Cyprus,2008,0,S/RES/1818   (2008),5,5911
S/PV.5914,18-Jun,SC/9362,Liberia,2008,1,S/RES/1819   (2008),4,5914
S/PV.5916   (Resumption 1),19-Jun,SC/9364,Women and peace and security,2008,0,S/RES/1820   (2008),0,5916   (Resumption 1)
S/PV.5926,27-Jun,SC/9378,Middle East situation,2008,0,S/RES/1821   (2008),3,5926
S/PV.5928,30-Jun,SC/9381,Peace and security  terrorist acts,2008,1,S/RES/1822   (2008),0,5928
S/PV.5931,10-Jul,SC/9393,Rwanda,2008,1,S/RES/1823   (2008),4,5931
S/PV.5937,18-Jul,SC/9400,International Tribunal  Rwanda,2008,1,S/RES/1824   (2008),4,5937
S/PV.5941,23-Jul,SC/9403,Report of the Secretary-General  Nepal,2008,0,S/RES/1825   (2008),1,5941
S/PV.5945,29-Jul,SC/9409,Cote d'Ivoire,2008,1,S/RES/1826   (2008),4,5945
S/PV.5946,30-Jul,SC/9410,Eritrea-Ethiopia,2008,0,S/RES/1827   (2008),4,5946
S/PV.5947,31-Jul,SC/9412,Sudan,2008,0,S/RES/1828   (2008),4,5947
S/PV.5948,4-Aug,SC/9414,Sierra Leone,2008,0,S/RES/1829   (2008),4,5948
S/PV.5950,7-Aug,SC/9416,Iraq,2008,0,S/RES/1830   (2008),3,5950
S/PV.5957,19-Aug,SC/9426,Somalia,2008,1,S/RES/1831   (2008),4,5957
S/PV.5967,27-Aug,SC/9435,Middle East situation,2008,0,S/RES/1832   (2008),3,5967
S/PV.5977,22-Sep,SC/9450,Afghanistan,2008,1,S/RES/1833   (2008),1,5977
S/PV.5981,24-Sep,SC/9454,"Chad, the Central African Republic and the subregion",2008,0,S/RES/1834   (2008),4,5981
S/PV.5984,27-Sep,SC/9459,Non-proliferation,2008,0,S/RES/1835   (2008),0,5984
S/PV.5985,29-Sep,SC/9461,Liberia,2008,1,S/RES/1836   (2008),4,5985
S/PV.5986,29-Sep,SC/9462,International Tribunal  Yugoslavia,2008,1,S/RES/1837   (2008),5,5986
S/PV.5987,7-Oct,SC/9467,Somalia,2008,1,S/RES/1838   (2008),4,5987
S/PV.5992,9-Oct,SC/9470,Georgia,2008,0,S/RES/1839   (2008),5,5992
S/PV.5993,14-Oct,SC/9471,Haiti,2008,1,S/RES/1840   (2008),6,5993
S/PV.5996,15-Oct,SC/9474,Sudan,2008,1,S/RES/1841   (2008),4,5996
S/PV.6004,29-Oct,SC/9486,Cote d'Ivoire,2008,1,S/RES/1842   (2008),4,6004
S/PV.6018,20-Nov,SC/9503,Democratic Republic of the Congo,2008,1,S/RES/1843   (2008),4,6018
S/PV.6019,20-Nov,SC/9504,Somalia,2008,1,S/RES/1844   (2008),4,6019
S/PV.6021,20-Nov,SC/9507,Bosnia and Herzegovina,2008,1,S/RES/1845   (2008),5,6021
S/PV.6026,2-Dec,SC/9514,Somalia,2008,1,S/RES/1846 (2008),4,6026
S/PV.6038,12-Dec,SC/9532,Cyprus,2008,0,S/RES/1847 (2008),5,6038
S/PV.6039,12-Dec,SC/9533,Middle East situation,2008,0,S/RES/1848 (2008),3,6039
S/PV.6040,12-Dec,SC/9534,International Tribunal  Yugoslavia,2008,1,S/RES/1849 (2008),5,6040
S/PV.6045,16-Dec,SC/9539,"Middle East situation, including the Palestinian question",2008,0,S/RES/1850 (2008),3,6045
S/PV.6046,16-Dec,SC/9541,Somalia,2008,1,S/RES/1851 (2008),4,6046
S/PV.6048,17-Dec,SC/9543,Middle East situation,2008,0,S/RES/1852 (2008),3,6048
S/PV.6050,19-Dec,SC/9546,Somalia,2008,1,S/RES/1853 (2008),4,6050
S/PV.6051,19-Dec,SC/9547,Liberia,2008,1,S/RES/1854 (2008),4,6051
S/PV.6052,19-Dec,SC/9548,International Tribunal  Rwanda,2008,1,S/RES/1855 (2008),4,6052
S/PV.6055,22-Dec,SC/9552,Democratic Republic of the Congo,2008,1,S/RES/1856 (2008),4,6055
S/PV.6056,22-Dec,SC/9553,Democratic Republic of the Congo,2008,1,S/RES/1857 (2008),4,6056
S/PV.6057,22-Dec,SC/9554,Burundi,2008,0,S/RES/1858 (2008),4,6057
S/PV.6059,22-Dec,SC/9556,Iraq,2008,1,S/RES/1859 (2008),3,6059
S/PV.6063,8-Jan,SC/9567,"Middle East situation, including the Palestinian question",2009,0,S/RES/1860 (2009),3,6063
S/PV.6064,14-Jan,SC/9569,"Chad, the Central African Republic and the subregion",2009,1,S/RES/1861 (2009),4,6064
S/PV.6065,14-Jan,SC/9570,Peace and security in Africa,2009,0,S/RES/1862 (2009),4,6065
S/PV.6068,16-Jan,SC/9574,Somalia,2009,1,S/RES/1863 (2009),4,6068
S/PV.6074,23-Jan,SC/9582,Report of the Secretary-General  Nepal,2009,0,S/RES/1864 (2009),1,6074
S/PV.6076,27-Jan,SC/9584,Cote d'Ivoire,2009,1,S/RES/1865 (2009),4,6076
S/PV.6082,13-Feb,SC/9594,Georgia,2009,0,S/RES/1866 (2009),5,6082
S/PV.6086,26-Feb,SC/9601,Timor-Leste,2009,0,S/RES/1867 (2009),2,6086
S/PV.6098,23-Mar,SC/9624,Afghanistan,2009,0,S/RES/1868 (2009),1,6098
S/PV.6099,25-Mar,SC/9625,Bosnia and Herzegovina,2009,0,S/RES/1869 (2009),5,6099
S/PV.6116,30-Apr,SC/9649,Reports of the Secretary-General  Sudan,2009,0,S/RES/1870 (2009),4,6116
S/PV.6117,30-Apr,SC/9650,Western Sahara,2009,0,S/RES/1871 (2009),3,6117
S/PV.6127,26-May,SC/9663,Somalia,2009,1,S/RES/1872 (2009),4,6127
S/PV.6132,29-May,SC/9668,Cyprus,2009,0,S/RES/1873 (2009),5,6132
S/PV.6141,12-Jun,SC/9679,Non-proliferation  Democratic People's Republic of Korea,2009,1,S/RES/1874 (2009),1,6141
S/PV.6148,23-Jun,SC/9689,Middle East situation,2009,0,S/RES/1875 (2009),3,6148
S/PV.6152,26-Jun,SC/9693,Guinea-Bissau,2009,0,S/RES/1876 (2009),4,6152
S/PV.6155,7-Jul,SC/9697,International Tribunal  Yugoslavia,2009,1,S/RES/1877 (2009),5,6155
S/PV.6156,7-Jul,SC/9698,International Tribunal  Rwanda,2009,1,S/RES/1878 (2009),4,6156
S/PV.6167,23-Jul,SC/9714,Report of the Secretary-General  Nepal,2009,0,S/RES/1879 (2009),1,6167
S/PV.6174,30-Jul,SC/9720,The situation in Cote d'Ivoire,2009,1,S/RES/1880 (2009),4,6174
S/PV.6175,30-Jul,SC/9721,Report of the Secretary-General  Sudan,2009,0,S/RES/1881 (2009),4,6175
S/PV.6176,4-Aug,SC/9722,Children and armed conflict,2009,0,S/RES/1882 (2009),0,6176
S/PV.6179,7-Aug,SC/9725,Iraq,2009,0,S/RES/1883 (2009),3,6179
S/PV.6183,27-Aug,SC/9737,Middle East situation,2009,0,S/RES/1884 (2009),3,6183
S/PV.6188,15-Sep,SC/9741,Liberia,2009,1,S/RES/1885 (2009),4,6188
S/PV.6189,15-Sep,SC/9742,Sierra Leone,2009,0,S/RES/1886 (2009),4,6189
S/PV.6191,24-Sep,SC/9746,Maintenance of international peace and security,2009,0,S/RES/1887 (2009),0,6191
S/PV.6195,30-Sep,SC/9753,Women and peace and security,2009,0,S/RES/1888 (2009),0,6195
S/PV.6196,5-Oct,SC/9759,Women and peace and security,2009,0,S/RES/1889 (2009),0,6196
S/PV.6198,8-Oct,SC/9762,Afghanistan,2009,1,S/RES/1890 (2009),1,6198
S/PV.6199,13-Oct,SC/9765,Sudan,2009,1,S/RES/1891 (2009),4,6199
S/PV.6200,13-Oct,SC/9766,Haiti,2009,1,S/RES/1892 (2009),6,6200
S/PV.6209,29-Oct,SC/9779,Cote d'Ivoire,2009,1,S/RES/1893 (2009),4,6209
S/PV.6216,11-Nov,SC/9786,Civilians in armed conflict,2009,0,S/RES/1894 (2009),0,6216
S/PV.6220,18-Nov,SC/9792,Bosnia and Herzegovina,2009,1,S/RES/1895 (2009),5,6220
S/PV.6225,30-Nov,SC/9798,Democratic Republic of the Congo,2009,1,S/RES/1896 (2009),4,6225
S/PV.6226,30-Nov,SC/9799,Somalia,2009,1,S/RES/1897 (2009),4,6226
S/PV.6239,14-Dec,SC/9815,Cyprus,2009,0,S/RES/1898 (2009),5,6239
S/PV.6241,16-Dec,SC/9817,Middle East situation,2009,0,S/RES/1899 (2009),3,6241
S/PV.6242,16-Dec,SC/9818,International Tribunal  Yugoslavia,2009,1,S/RES/1900 (2009),5,6242
S/PV.6243,16-Dec,SC/9819,International Tribunal  Rwanda,2009,1,S/RES/1901 (2009),4,6243
S/PV.6245,17-Dec,SC/9823,Burundi,2009,0,S/RES/1902 (2009),4,6245
S/PV.6246,17-Dec,SC/9824,Liberia,2009,1,S/RES/1903 (2009),4,6246
S/PV.6247,17-Dec,SC/9825,Peace and security  terrorist acts,2009,1,S/RES/1904 (2009),0,6247
S/PV.6249,21-Dec,SC/9827,Iraq,2009,1,S/RES/1905 (2009),3,6249
S/PV.6253,23-Dec,SC/9832,Democratic Republic of the Congo,2009,1,S/RES/1906 (2009),4,6253
S/PV.6254,23-Dec,SC/9833,Peace and security in Africa,2009,1,S/RES/1907 (2009),4,6254
S/PV.6261,19-Jan,SC/9847,Haiti,2010,0,S/RES/1908 (2010),6,6261
S/PV.6262,21-Jan,SC/9849,Report of the Secretary-General  Nepal,2010,0,S/RES/1909 (2010),1,6262
S/PV.6266,28-Jan,SC/9855,Somalia,2010,1,S/RES/1910 (2010),4,6266
S/PV.6267,28-Jan,SC/9856,Cote d'Ivoire,2010,1,S/RES/1911 (2010),4,6267
S/PV.6278,26-Feb,SC/9870,Timor-Leste,2010,0,S/RES/1912 (2010),2,6278
S/PV.6283,12-Mar,SC/9880,"Chad, the Central African Republic and the subregion",2010,0,S/RES/1913 (2010),4,6283
S/PV.6286,18-Mar,SC/9884,International Tribunal  Yugoslavia,2010,1,S/RES/1915 (2010),5,6286
S/PV.6289,19-Mar,SC/9888,Somalia,2010,1,S/RES/1916 (2010),4,6289
S/PV.6290,22-Mar,SC/9889,Afghanistan,2010,0,S/RES/1917 (2010),1,6290
S/PV.6301,27-Apr,SC/9913,Somalia,2010,0,S/RES/1918 (2010),4,6301
S/PV.6304,29-Apr,SC/9916,Sudan,2010,0,S/RES/1919 (2010),4,6304
S/PV.6305,30-Apr,SC/9917,Western Sahara,2010,0,S/RES/1920 (2010),3,6305
S/PV.6311,12-May,SC/9925,Report of the Secretary-General  Nepal,2010,0,S/RES/1921 (2010),1,6311
S/PV.6312,12-May,SC/9926,"Chad, the Central African Republic and the subregion",2010,0,S/RES/1922 (2010),4,6312
S/PV.6321,25-May,SC/9935,"Chad, the Central African Republic and the subregion",2010,0,S/RES/1923 (2010),4,6321
S/PV.6323,27-May,SC/9938,Cote d'Ivoire,2010,1,S/RES/1924 (2010),4,6323
S/PV.6324,28-May,SC/9939,Democratic Republic of the Congo,2010,1,S/RES/1925 (2010),4,6324
S/PV.6330,4-Jun,SC/9944,Haiti,2010,1,S/RES/1927 (2010),6,6330
S/PV.6333,7-Jun,SC/9946,Non-proliferation  Democratic People's Republic of Korea,2010,0,S/RES/1928 (2010),1,6333
S/PV.6335,9-Jun,SC/9948,Non-proliferation,2010,0,S/RES/1929 (2010),0,6335
S/PV.6339,15-Jun,SC/9953,Cyprus,2010,0,S/RES/1930 (2010),5,6339
S/PV.6348,29-Jun,SC/9966,International Tribunal  Yugoslavia,2010,1,S/RES/1931 (2010),5,6348
S/PV.6349,29-Jun,SC/9967,International Tribunal  Rwanda,2010,1,S/RES/1932 (2010),4,6349
S/PV.6350,30-Jun,SC/9969,Cote d'Ivoire,2010,1,S/RES/1933 (2010),4,6350
S/PV.6352,30-Jun,SC/9971,Middle East situation,2010,0,S/RES/1934 (2010),3,6352
S/PV.6366,30-Jul,SC/9997,Report of the Secretary-General  Sudan,2010,0,S/RES/1935 (2010),4,6366
S/PV.6369,5-Aug,SC/10004,Iraq,2010,0,S/RES/1936 (2010),3,6369
S/PV.6375,30-Aug,SC/10017,Middle East situation,2010,0,S/RES/1937 (2010),3,6375
S/PV.6383,15-Sep,SC/10028,Liberia,2010,1,S/RES/1938 (2010),4,6383
S/PV.6385,15-Sep,SC/10030,Report of the Secretary-General  Nepal,2010,0,S/RES/1939 (2010),1,6385
S/PV.6392,29-Sep,SC/10044,Sierra Leone,2010,1,S/RES/1940 (2010),4,6392
S/PV.6393,29-Sep,SC/10045,Cote d'Ivoire,2010,1,S/RES/1942 (2010),4,6393
S/PV.6395,13-Oct,SC/10049,Afghanistan,2010,1,S/RES/1943 (2010),1,6395
S/PV.6399,14-Oct,SC/10054,Haiti,2010,1,S/RES/1944 (2010),6,6399
S/PV.6401,14-Oct,SC/10056,Sudan,2010,1,S/RES/1945 (2010),4,6401
S/PV.6402,15-Oct,SC/10057,Cote d'Ivoire,2010,1,S/RES/1946 (2010),4,6402
S/PV.6414,29-Oct,SC/10074,Post-conflict peacebuilding,2010,0,S/RES/1947 (2010),0,6414
S/PV.6426,18-Nov,SC/10088,Bosnia and Herzegovina,2010,1,S/RES/1948 (2010),5,6426
S/PV.6428,23-Nov,SC/10091,Guinea-Bissau,2010,0,S/RES/1949 (2010),4,6428
S/PV.6429,23-Nov,SC/10092,Somalia,2010,1,S/RES/1950 (2010),4,6429
S/PV.6431,24-Nov,SC/10094,Cote d'Ivoire,2010,1,S/RES/1951 (2010),4,6431
S/PV.6432,29-Nov,SC/10096,Democratic Republic of the Congo,2010,1,S/RES/1952 (2010),4,6432
S/PV.6445,14-Dec,SC/10112,Cyprus,2010,0,S/RES/1953 (2010),5,6445
S/PV.6446,14-Dec,SC/10113,International Tribunal  Yugoslavia,2010,1,S/RES/1954 (2010),5,6446
S/PV.6447,14-Dec,SC/10114,International Tribunal  Rwanda,2010,1,S/RES/1955 (2010),4,6447
S/PV.6450,15-Dec,SC/10118,Iraq,2010,0,S/RES/1956 (2010),3,6450
S/PV.6451,16-Dec,SC/10120,Burundi,2010,0,S/RES/1959 (2010),4,6451
S/PV.6453,16-Dec,SC/10122,Women and peace and security,2010,0,S/RES/1960 (2010),0,6453
S/PV.6454,17-Dec,SC/10128,Liberia,2010,1,S/RES/1961 (2010),4,6454
S/PV.6458,20-Dec,SC/10132,Cote d'Ivoire,2010,1,S/RES/1962 (2010),4,6458
S/PV.6459,20-Dec,SC/10133,Peace and security  terrorist acts,2010,0,S/RES/1963 (2010),0,6459
S/PV.6461,22-Dec,SC/10139,Somalia,2010,1,S/RES/1964 (2010),4,6461
S/PV.6462,22-Dec,SC/10140,Middle East situation,2010,0,S/RES/1965 (2010),3,6462
S/PV.6463,22-Dec,SC/10141,International Tribunal  Rwanda & Yugoslavia,2010,1,S/RES/1966 (2010),0,6463
S/PV.6469,19-Jan,SC/10156,Cote d'Ivoire,2011,1,S/RES/1967 (2011),4,6469
S/PV.6482,16-Feb,SC/10176,Cote d'Ivoire,2011,1,S/RES/1968 (2011),4,6482
S/PV.6487,24-Feb,SC/10181,Timor-Leste,2011,0,S/RES/1969 (2011),2,6487
S/PV.6491,26-Feb,SC/10187,Peace and security in Africa  Libya,2011,1,S/RES/1970 (2011),4,6491
S/PV.6493,3-Mar,SC/10190,Liberia,2011,1,S/RES/1971 (2011),4,6493
S/PV.6496,17-Mar,SC/10198,Somalia,2011,1,S/RES/1972 (2011),4,6496
S/PV.6498,17-Mar,SC/10200,The situation in Libya,2011,1,S/RES/1973 (2011),3,6498
S/PV.6500,22-Mar,SC/10203,Afghanistan,2011,0,S/RES/1974 (2011),1,6500
S/PV.6508,30-Mar,SC/10215,Cote d'Ivoire,2011,1,S/RES/1975 (2011),4,6508
S/PV.6512,11-Apr,SC/10221,Somalia,2011,0,S/RES/1976 (2011),4,6512
S/PV.6518,20-Apr,SC/10228,Non-proliferation of weapons of mass destruction,2011,1,S/RES/1977 (2011),0,6518
S/PV.6522,27-Apr,SC/10233,Sudan,2011,0,S/RES/1978 (2011),4,6522
S/PV.6523,27-Apr,SC/10234,Western Sahara,2011,0,S/RES/1979 (2011),3,6523
S/PV.6525,28-Apr,SC/10236,Cote d'Ivoire,2011,1,S/RES/1980 (2011),4,6525
S/PV.6535,13-May,SC/10251,Cote d'Ivoire,2011,1,S/RES/1981 (2011),4,6535
S/PV.6537,17-May,SC/10253,Report of the Secretary-General  Sudan,2011,1,S/RES/1982 (2011),4,6537
S/PV.6547,7-Jun,SC/10272,Maintenance of international peace and security,2011,0,S/RES/1983 (2011),0,6547
S/PV.6552,9-Jun,SC/10276,Non-proliferation,2011,0,S/RES/1984 (2011),0,6552
S/PV.6553,10-Jun,SC/10277,Non-proliferation  Democratic People's Republic of Korea,2011,0,S/RES/1985 (2011),1,6553
S/PV.6554,13-Jun,SC/10279,Cyprus,2011,0,S/RES/1986 (2011),5,6554
S/PV.6557,17-Jun,SC/10285,Threats to international peace and security caused by terrorist acts,2011,1,S/RES/1988 (2011),0,6557
S/PV.6567,27-Jun,SC/10298,Report of the Secretary-General  Sudan,2011,1,S/RES/1990 (2011),4,6567
S/PV.6568,28-Jun,SC/10299,Democratic Republic of the Congo,2011,1,S/RES/1991 (2011),4,6568
S/PV.6570,29-Jun,SC/10303,Cote d'Ivoire,2011,1,S/RES/1992 (2011),4,6570
S/PV.6571,29-Jun,SC/10304,International Tribunal  Yugoslavia,2011,1,S/RES/1993 (2011),5,6571
S/PV.6572,30-Jun,SC/10305,Middle East situation,2011,0,S/RES/1994 (2011),3,6572
S/PV.6573,6-Jul,SC/10308,International Tribunal  Rwanda,2011,1,S/RES/1995 (2011),4,6573
S/PV.6576,8-Jul,SC/10314,Sudan,2011,1,S/RES/1996 (2011),4,6576
S/PV.6579,11-Jul,SC/10317,Sudan,2011,0,S/RES/1997 (2011),4,6579
S/PV.6581,12-Jul,SC/10319,Children and armed conflict,2011,0,S/RES/1998 (2011),0,6581
S/PV.6591,27-Jul,SC/10342,Cote d'Ivoire,2011,1,S/RES/2000 (2011),4,6591
S/PV.6594,28-Jul,SC/10345,Iraq,2011,0,S/RES/2001 (2011),3,6594
S/PV.6596,29-Jul,SC/10348,Somalia,2011,1,S/RES/2002 (2011),4,6596
S/PV.6597,29-Jul,SC/10349,Sudan,2011,0,S/RES/2003 (2011),4,6597
S/PV.6605,30-Aug,SC/10373,Middle East situation,2011,0,S/RES/2004 (2011),3,6605
S/PV.6611,14-Sep,SC/10381,Sierra Leone,2011,0,S/RES/2005 (2011),4,6611
S/PV.6612,14-Sep,SC/10382,International Tribunal  Rwanda,2011,0,S/RES/2006 (2011),4,6612
S/PV.6613,14-Sep,SC/10383,International Tribunal  Yugoslavia,2011,0,S/RES/2007 (2011),5,6613
S/PV.6619,16-Sep,SC/10388,Liberia,2011,1,S/RES/2008 (2011),4,6619
S/PV.6620,16-Sep,SC/10389,Libya,2011,1,S/RES/2009 (2011),3,6620
S/PV.6626,30-Sep,SC/10399,Somalia,2011,1,S/RES/2010 (2011),4,6626
S/PV.6629,12-Oct,SC/10408,Afghanistan,2011,1,S/RES/2011 (2011),1,6629
S/PV.6631,14-Oct,SC/10411,Haiti,2011,1,S/RES/2012 (2011),6,6631
S/PV.6632,14-Oct,SC/10412,International Tribunal  Rwanda,2011,1,S/RES/2013 (2011),4,6632
S/PV.6634,21-Oct,SC/10418,Middle East situation,2011,0,S/RES/2014 (2011),3,6634
S/PV.6635,24-Oct,SC/10419,Somalia,2011,0,S/RES/2015 (2011),4,6635
S/PV.6640,27-Oct,SC/10424,Libya,2011,1,S/RES/2016 (2011),3,6640
S/PV.6644,31-Oct,SC/10429,Libya,2011,0,S/RES/2017 (2011),3,6644
S/PV.6645,31-Oct,SC/10430,Peace and security in Africa,2011,0,S/RES/2018 (2011),4,6645
S/PV.6661,16-Nov,SC/10451,Bosnia and Herzegovina,2011,1,S/RES/2019 (2011),5,6661
S/PV.6663,22-Nov,SC/10454,Somalia,2011,1,S/RES/2020 (2011),4,6663
S/PV.6671,29-Nov,SC/10464,Democratic Republic of the Congo,2011,1,S/RES/2021 (2011),4,6671
S/PV.6673,2-Dec,SC/10469,Libya,2011,0,S/RES/2022 (2011),3,6673
S/PV.6674 (Resumption 1),5-Dec,SC/10471,Peace and security in Africa,2011,1,S/RES/2023 (2011),4,6674 (Resumption 1)
S/PV.6683,14-Dec,SC/10484,Sudan  Abyei,2011,0,S/RES/2024 (2011),4,6683
S/PV.6684,14-Dec,SC/10485,Liberia,2011,1,S/RES/2025 (2011),4,6684
S/PV.6685,14-Dec,SC/10486,Cyprus,2011,0,S/RES/2026 (2011),5,6685
S/PV.6691,20-Dec,SC/10496,Burundi,2011,0,S/RES/2027 (2011),4,6691
S/PV.6693,21-Dec,SC/10498,Middle East situation,2011,0,S/RES/2028 (2011),3,6693
S/PV.6694,21-Dec,SC/10499,International Tribunal  Rwanda,2011,1,S/RES/2029 (2011),4,6694
S/PV.6695,21-Dec,SC/10500,Guinea Bissau,2011,0,S/RES/2030 (2011),4,6695
S/PV.6696,21-Dec,SC/10501,Central African Republic,2011,0,S/RES/2031 (2011),4,6696
S/PV.6699,22-Dec,SC/10505,Report of the Secretary-General  Sudan,2011,0,S/RES/2032 (2011),4,6699
S/PV.6702 (Resumption1),12-Jan,SC/10519,Cooperation between the UN and regional and subregional organizations in maintaining international peace and security,2012,0,S/RES/2033 (2012),0,6702 (Resumption1)
S/PV.6716,17-Feb,SC/10544,Report of the Secretary-General in Sudan,2012,1,S/RES/2035 (2012),4,6716
S/PV.6718,22-Feb,SC/10550,Special report of the Secretary-General on Somalia,2012,1,S/RES/2036 (2012),4,6718
S/PV.6721,23-Feb,SC/10554,Timor-Leste,2012,0,S/RES/2037 (2012),2,6721
S/PV.6726,29 February,SC/10561,Yugoslavia and Rwanda,2012,0,S/RES/2038 (2012),0,6726
S/PV.6727,29 February,SC/10562,West Africa,2012,0,S/RES/2039 (2012),4,6727
S/PV.6733,12-Mar,SC/10574,Libya,2012,1,S/RES/2040 (2012),3,6733
S/PV.6738,22-Mar,SC/10588,Afghanistan,2012,0,S/RES/2041 (2012),1,6738
S/PV.6751,14-Apr,SC/10609,Middle East,2012,0,S/RES/2042 (2012),3,6751
S/PV.6756,21-Apr,SC/10618,Middle East,2012,0,S/RES/2043 (2012),3,6756
S/PV.6758,24-Apr,SC/10621,Western Sahara,2012,0,S/RES/2044 (2012),3,6758
S/PV.6761,26-Apr,SC/10627,Cote d'Ivoire,2012,1,S/RES/2045 (2012),4,6761
S/PV.6764,2-May,SC/10632,Reports of the Secretary-General on the Sudan,2012,1,S/RES/2046 (2012),4,6764
S/PV.6773,17-May,SC/10652,Reports of the Secretary-General on the Sudan,2012,0,S/RES/2047 (2012),4,6773
S/PV.6774,18-May,SC/10653,Guinea-Bissau,2012,0,S/RES/2048 (2012),4,6774
S/PV.6781,7-Jun,SC/10666,Non-proliferation,2012,0,S/RES/2049 (2012),0,6781
S/PV.6783,12-Jun,SC/10670,Non-proliferation/Democratic People's Republic of Korea,2012,0,S/RES/2050 (2012),1,6783
S/PV.6784,12-Jun,SC/10671,Middle East,2012,0,S/RES/2051 (2012),3,6784
S/PV.6791,27-Jun,SC/10686,Middle East,2012,0,S/RES/2052 (2012),3,6791
S/PV.6792,27-Jun,SC/10687,Democratic Republic of the Congo,2012,1,S/RES/2053 (2012),4,6792
S/PV.6794,29-Jun,SC/10691,International Tribunal - Rwanda ,2012,1,S/RES/2054 (2012),4,6794
S/PV.6795,29-Jun,SC/10692,Non-proliferation of weapons of mass destruction ,2012,0,S/RES/2055 (2012),0,6795
S/PV.6798,5-Jul,SC/10698,Peace and security in Africa ,2012,1,S/RES/2056 (2012),4,6798
S/PV.6800,5-Jul,SC/10701,Report of the Secretary-General in Sudan - South Sudan,2012,1,S/RES/2057 (2012),4,6800
S/PV.6809,19-Jul,SC/10713,Cyprus,2012,0,S/RES/2058 (2012),5,6809
S/PV.6812,20-Jul,SC/10718,Middle East,2012,0,S/RES/2059 (2012),3,6812
S/PV.6814,25-Jul,SC/10725,Somalia,2012,1,S/RES/2060 (2012),4,6814
S/PV.6815,25-Jul,SC/10726,Iraq,2012,0,S/RES/2061 (2012),3,6815
S/PV.6817,26-Jul,SC/10730,The situation in Cote d'Ivoire,2012,1,S/RES/2062 (2012),4,6817
S/PV.6819,31-Jul,SC/10735,Reports of the Secretary-General on the Sudan,2012,0,S/RES/2063 (2012),4,6819
S/PV.6825,30-Aug,SC/10751,The situation in the Middle East,2012,0,S/RES/2064 (2012),3,6825
S/PV.6831,12-Sep,SC/10759,The situation in Sierra Leone,2012,0,S/RES/2065 (2012),4,6831
S/PV.6834,17-Sep,SC/10765,The situation in Liberia,2012,1,S/RES/2066 (2012),4,6834
S/PV.6837,18-Sep,SC/10768,The situation in Somalia,2012,0,S/RES/2067 (2012),4,6837
S/PV.6838,19-Sep,SC/10769,Children and armed conflict,2012,0,S/RES/2068 (2012),0,6838
S/PV.6843,9-Oct,SC/10786,Afghanistan,2012,1,S/RES/2069 (2012),1,6843
S/PV.6845,12-Oct,SC/10788,Haiti,2012,1,S/RES/2070 (2012),6,6845
S/PV.6846,12-Oct,SC/10789,Peace and security in Africa,2012,1,S/RES/2071 (2012),4,6846
S/PV.6853,31-Oct,SC/10804,Somalia,2012,1,S/RES/2072 (2012),4,6853
S/PV.6854,7-Nov,SC/10806,Somalia,2012,1,S/RES/2073 (2012),4,6854
S/PV.6861,14-Nov,SC/10815,Bosnia and Herzegovina,2012,1,S/RES/2074 (2012),5,6861
S/PV.6864,16-Nov,SC/10818,Sudan,2012,1,S/RES/2075 (2012),4,6864
S/PV.6866,20-Nov,SC/10823,Democratic Republic of the Congo,2012,1,S/RES/2076 (2012),4,6866
S/PV.6867,21-Nov,SC/10824,Somalia,2012,1,S/RES/2077 (2012),4,6867
S/PV.6873,28-Nov,SC/10836,Democratic Republic of the Congo,2012,1,S/RES/2078 (2012),4,6873
S/PV.6884,12-Dec,SC/10852,Liberia,2012,1,S/RES/2079 (2012),4,6884
S/PV.6885,12-Dec,SC/10853,International Tribunal - Rwanda,2012,1,S/RES/2080 (2012),4,6885
S/PV.6889,17-Dec,SC/10858,International Tribunal - Yugoslavia,2012,1,S/RES/2081 (2012) ,5,6889
S/PV.6890,17-Dec,SC/10859,Threats to international peace and security caused by terrorist acts,2012,1,S/RES/2082 (2012) and S/RES/2083 (2012),0,6890
S/PV.6893,19-Dec,SC/10862,The situation in the Middle East,2012,0,S/RES/2084 (2012) ,3,6893
S/PV.6898,20-Dec,SC/10870,The situation in Mali,2012,1,S/RES/2085 (2012) ,4,6898
S/PV.6903,21-Jan,SC/10888,Peacekeeping operations,2013,0,S/RES/2086 (2013) ,0,6903
S/PV.6904,22-Jan,SC/10891,Non-proliferation/Democratic People's Republic of Korea,2013,0,S/RES/2087 (2013) ,1,6904
S/PV.6907,24-Jan,SC/10896,The situation in the Central African Republic,2013,0,S/RES/2088 (2013) ,4,6907
S/PV.6908,24-Jan,SC/10897,Cyprus,2013,0,S/RES/2089 (2013) ,5,6908
S/PV.6918,13-Feb,SC/10915,Burundi,2013,0,S/RES/2090 (2013) ,4,6918
S/PV.6920,14-Feb,SC/10917,Reports of the Secretary-General on the Sudan,2013,1,S/RES/2091 (2013) ,4,6920
S/PV.6924,22-Feb,SC/10920,The situation in Guinea-Bissau,2013,0,S/RES/2092 (2013) ,4,6924
S/PV.6929,6-Mar,SC/10931,The situation in Somalia,2013,1,S/RES/2093 (2013) ,4,6929
S/PV.6932,7-Mar,SC/10934,Non-proliferation  Democratic People's Republic of Korea,2013,1,S/RES/2094 (2013) ,1,6932
S/PV.6934,14-Mar,SC/10939,The situation in Libya,2013,1,S/RES/2095 (2013) ,3,6934
S/PV.6935,19-Mar,SC/10943,The situation in Afghanistan,2013,0,S/RES/2096 (2013) ,1,6935
S/PV.6942,26-Mar,SC/10961,The situation in Sierra Leone,2013,0,S/RES/2097 (2013) ,4,6942
S/PV.6943,28-Mar,SC/10964,Democratic Republic of the Congo,2013,1,S/RES/2098 (2013) ,4,6943
S/PV.6951,25-Apr,SC/10986,The situation in Western Sahara,2013,0,S/RES/2099 (2013) ,3,6951
S/PV.6952,25-Apr,SC/10987,The situation in Mali,2013,1,S/RES/2100 (2013) ,4,6952
S/PV.6953,25-Apr,SC/10988,The situation in Cote d'Ivoire,2013,1,S/RES/2101 (2013) ,4,6953
S/PV.6959,2-May,SC/10994,The situation in Somalia,2013,0,S/RES/2102 (2013) ,4,6959
S/PV.6968,22-May,SC/11012,The situation in Guinea-Bissau,2013,0,S/RES/2103 (2013),4,6968
S/PV.6970,29-May,SC/11017,Reports of the Secretary-General on the Sudan,2013,1,S/RES/2104 (2013),4,6970
S/PV.6973,5-Jun,SC/11023,Non-proliferation,2013,0,S/RES/2105 (2013),0,6973
S/PV.6984,24-Jun,SC/11043,Women and peace and security,2013,0,S/RES/2106 (2013),0,6984
S/PV.6990,27-Jun,SC/11050,The situation between Iraq and Kuwait,2013,1,S/RES/2107 (2013),3,6990
S/PV.6991,27-Jun,SC/11051,The situation in the Middle East,2013,0,S/RES/2108 (2013),3,6991
S/PV.6998,11-Jul,SC/11058,Report of the Secretary-General in Sudan,2013,1,S/RES/2109 (2013),4,6998
S/PV.7008,24-Jul,SC/11074,Iraq,2013,0,S/RES/2110 (2013),3,7008
S/PV.7009,24-Jul,SC/11075,The situation in Somalia,2013,1,S/RES/2111 (2013),4,7009
S/PV.7012,30-Jul,SC/11082,The situation in Cote d'Ivoire,2013,1,S/RES/2112 (2013),4,7012
S/PV.7013,30-Jul,SC/11083,Report of the Secretary-General in Sudan,2013,0,S/RES/2113 (2013),4,7013
S/PV.7014,30-Jul,SC/11084,Cyprus,2013,0,S/RES/2114 (2013),5,7014
S/PV.7025,29-Aug,SC/11106,The situation in the Middle East,2013,0,S/RES/2115 (2013),3,7025
S/PV.7033,18-Sep,SC/11125,The situation in Liberia,2013,1,S/RES/2116 (2013) ,4,7033
S/PV.7036,26-Sep,SC/11131,Small arms,2013,0,S/RES/2117 (2013) ,0,7036
S/PV.7038,27-Sep,SC/11135,The situation in Middle East,2013,1,S/RES/2118 (2013) ,3,7038
S/PV.7040,10-Oct,SC/11142,Haiti,2013,1,S/RES/2119 (2013) ,6,7040
S/PV.7041,10-Oct,SC/11143,Afghanistan,2013,1,S/RES/2120 (2013) ,1,7041
S/PV.7042,10-Oct,SC/11144,Central African Republic,2013,0,S/RES/2121 (2013) ,4,7042
S/PV.7044,18-Oct,SC/11149,Women and peace and security,2013,0,S/RES/2122 (2013) ,0,7044
S/PV.7055,12-Nov,SC/11171,The situation in Bosnia and Herzegovina,2013,1,S/RES/2123 (2013) ,5,7055
S/PV.7056,12-Nov,SC/11172,The situation in Somalia,2013,1,S/RES/2124 (2013) ,4,7056
S/PV.7061,18-Nov,SC/11177,The situation in Somalia,2013,1,S/RES/2125 (2013) ,4,7061
S/PV.7067,25-Nov,SC/11184,Report of the Secretary-General on the Sudan and South Sudan,2013,1,S/RES/2126 (2013) ,4,7067
S/PV.7072,5-Dec,SC/11200,Central African Republic,2013,1,S/RES/2127 (2013) ,4,7072
S/PV.7077,10-Dec,SC/11207,The situation in Liberia,2013,1,S/RES/2128 (2013) ,4,7077
S/PV.7086,17-Dec,SC/11219,Threats to international peace and security caused by terrorist acts,2013,0,S/RES/2129 (2013) ,0,7086
S/PV.7088,18-Dec,SC/11222,International Tribunal - Yugoslavia,2013,1,S/RES/2130 (2013) ,5,7088
S/PV.7089,18-Dec,SC/11223,The situation in the Middle East,2013,0,S/RES/2131 (2013) ,3,7089
S/PV.7091,24-Dec,SC/11230,Report of the Secretary-General on the Sudan and South Sudan,2013,1,S/RES/2132 (2013) ,4,7091
S/PV.7101,27-Jan,SC/11262,Threats to international peace and security caused by terrorist acts,2014,0,S/RES/2133 (2014) ,0,7101
S/PV.7155,16-Apr,SC/11356,Threats to international peace and security,2014,0,S/RES/2150 (2014) ,0,7155
S/PV.7161 (Resumption1) ,28-Apr,SC/11369,Maintenance of international peace and security,2014,0,S/RES/2151 (2014) ,0,7161 (Resumption1) 
S/PV.7162,29-Apr,SC/11371,Western Sahara,2014,0,S/RES/2152 (2014) ,3,7162
S/PV.7163,29-Apr,SC/11372,The situation in Cote d'Ivoire,2014,1,S/RES/2153 (2014) ,4,7163
S/PV.7170,8-May,SC/11385,Maintenance of international peace and security,2014,0,S/RES/2154 (2014) ,0,7170
S/PV.7182,27-May,SC/11414,Report of the Secretary-General on the Sudan and South Sudan,2014,1,S/RES/2155 (2014) ,4,7182
S/PV.7186,29-May,SC/11419,Report of the Secretary-General on the situation in Abyei,2014,1,S/RES/2156 (2014) ,4,7186
S/PV.7187,29-May,SC/11420,The situation in Guinea-Bissau,2014,0,S/RES/2157 (2014) ,4,7187
S/PV.7188,29-May,SC/11421,The situation in Somalia,2014,0,S/RES/2158 (2014) ,4,7188
S/PV.7193,9-Jun,SC/11432,Non-proliferation,2014,0,S/RES/2159 (2014) ,0,7193
S/PV.7198,17-Jun,SC/11440,Threats to international peace and security caused by terrorist acts,2014,1,S/RES/2160 (2014)  15-0-0,0,7198
S/PV.7207,25-Jun,SC/11450,The situation in Cote d'Ivoire,2014,1,S/RES/2162 (2014) ,4,7207
S/PV.7209,25-Jun,SC/11452,The situation in the Middle East,2014,0,S/RES/2163 (2014) ,3,7209
S/PV.7210,25-Jun,SC/11453,Mali,2014,1,S/RES/2164 (2014) ,4,7210
S/PV.7216,14-Jul,SC/11473,The situation in the Middle East,2014,0,S/RES/2165 (2014) ,3,7216
S/PV.7221,21-Jul,SC/11483,Letter dated 28 February 2014 from the Permanent Representative of Ukraine to the United Nations addressed to the ,2014,0,S/RES/2166(2014),5,7221
S/PV.7228,28-Jul,SC/11497,Peacekeeping operations,2014,0,S/RES/2167 (2014) ,0,7228
S/PV.7247,21-Aug,SC/11528,Maintenance of international peace and security,2014,0,S/RES/2171 (2014) ,0,7247
S/PV.7248,26-Aug,SC/11532,The situation in the Middle East,2014,0,S/RES/2172 (2014) ,3,7248
S/PV.7250,27-Aug,SC/11536,Reports of the Secretary-General on the Sudan and South Sudan,2014,0,S/RES/2173 (2014) ,4,7250
S/PV.7251,27-Aug,SC/11537,The situation in Libya,2014,1,S/RES/2174 (2014) ,3,7251
S/PV.7256,29-Aug,SC/11544,Protection of civilians in armed conflict,2014,0,S/RES/2175 (2014) ,0,7256
S/PV.7263,15-Sep,SC/11559,The situation in Liberia,2014,1,S/RES/2176 (2014) ,4,7263
S/PV.7268,18-Sep,SC/11566,Peace and security in Africa - Ebola,2014,0,S/RES/2177 (2014) ,4,7268
S/PV.7272,24-Sep,SC/11580,Threats to international peace and security caused by terrorist acts,2014,1,S/RES/2178 (2014) ,0,7272
S/PV.7276,14-Oct,SC/11598,Report of the Secretary-General on the situation in Abyei,2014,1,S/RES/2179 (2014) ,4,7276
S/PV.7277,14-Oct,SC/11599,Haiti,2014,1,S/RES/2180 (2014) ,6,7277
S/PV.7280,21-Oct,SC/11606,The situation in the Central African Republic,2014,1,S/RES/2181 (2014) ,4,7280
S/PV.7286,24-Oct,SC/11613,The situation in Somalia,2014,1,S/RES/2182 (2014) ,4,7286
S/PV.7307,11-Nov,SC/11641,The situation in Bosnia and Herzegovina,2014,1,S/RES/2183 (2014) ,5,7307
S/PV.7309,12-Nov,SC/11643,The situation in Somalia,2014,1,S/RES/2184 (2014) ,4,7309
S/PV.7317,20-Nov,SC/11661,Peacekeeping operations,2014,0,S/RES/2185 (2014) ,0,7317
S/PV.7321,25-Nov,SC/11669,The situation in Guinea-Bissau,2014,0,S/RES/2186 (2014) ,4,7321
S/PV.7322,25-Nov,SC/11670,Reports of the Secretary-General on the Sudan and South Sudan,2014,1,S/RES/2187 (2014) ,4,7322
S/PV.7328,9-Dec,SC/11686,The situation in Liberia,2014,1,S/RES/2188 (2014) ,4,7328
S/PV.7338,12-Dec,SC/11697,The situation in Afghanistan,2014,0,S/RES/2189 (2014) ,1,7338
S/PV.7340,15-Dec,SC/11702,The situation in Liberia,2014,1,S/RES/2190 (2014) ,4,7340
S/PV.7344,17-Dec,SC/11708,The situation in the Middle East,2014,0,S/RES/2191 (2014) ,3,7344
S/PV.7346,18-Dec,SC/11711,The situation in the Middle East,2014,0,S/RES/2192 (2014) ,3,7346
S/PV.7348,18-Dec,SC/11713,International Tribunal - Rwanda - Yugoslavia,2014,1,S/RES/2194 (2014) ,0,7348
S/PV.7349,18-Dec,SC/11713,International Tribunal - Yugoslavia,2014,1,S/RES/2193 (2014) ,0,7348
S/PV.7351,19-Dec,SC/11717,Threats to international peace and security,2014,0,S/RES/2195 (2014) ,0,7351
