record,day,press_release,topic,year,category,outcome
S/PV.3326,6 January,SC/5770,Rwanda,1994,,S/RES/893
S/PV.3329,14 January,SC/5775,South Africa,1994,,S/RES/894
S/PV.3331,28 January,SC/5779,Middle East — UNIFIL,1994,,S/RES/895
S/PV.3332,31 January,SC/5780,Georgia,1994,,S/RES/896
S/PV.3334,4 February,SC/5782,Somalia,1994,,S/RES/897
S/PV.3338,23 February,SC/5791,Mozambique,1994,,S/RES/898
S/PV.3343,4 March,SC/5799,Iraq-Kuwait,1994,,S/RES/899
S/PV.3344,4 March,SC/5800,Bosnia and Herzegovina,1994,,S/RES/900
S/PV.3345,4 March,SC/5801,Georgia,1994,,S/RES/901
S/PV.3347,11 March,SC/5804,Cyprus,1994,,S/RES/902
S/PV.3350,16 March,SC/5807,Angola,1994,,S/RES/903
S/PV.3351,18 March,SC/5808,The situation in the occupied Arab territories,1994,,S/RES/904
S/PV.3352,23 March,SC/5809,Haiti,1994,,S/RES/905
S/PV.3354,25 March,SC/5812 + Corr.1,Georgia,1994,,S/RES/906
S/PV.3355,29 March,SC/5814,Western Sahara,1994,,S/RES/907
S/PV.3356,31 March,SC/5815,United Nations Protection Force,1994,,S/RES/908
S/PV.3358,5 April,SC/5819,Rwanda,1994,,S/RES/909
S/PV.3363,14 April,SC/5824,Aouzou strip,1994,,S/RES/910
S/PV.3366,21 April,SC/5829,Liberia,1994,,S/RES/911
S/PV.3367,21 April,SC/5830,Bosnia and Herzegovina,1994,,S/RES/913
S/PV.3368,21 April,SC/5831,Rwanda,1994,,S/RES/912
S/PV.3369,27 April,SC/5832,United Nations Protection Force,1994,,S/RES/914
S/PV.3373,4 May,SC/5838,Aouzou strip,1994,,S/RES/915
S/PV.3375,5 May,SC/5840 + Corr.1,Mozambique,1994,,S/RES/916
S/PV.3376,6 May,SC/5841,Haiti,1994,,S/RES/917
S/PV.3377,16 May,SC/5843,Rwanda,1994,,S/RES/918
S/PV.3379,25 May,SC/5845,South Africa,1994,,S/RES/919
S/PV.3381,26 May,SC/5848,El Salvador,1994,,S/RES/920
S/PV.3382,26 May,SC/5849,The situation in the Middle East — UNDOF,1994,,S/RES/921
S/PV.3384+Corr.1,31 May,SC/5852,Angola,1994,,S/RES/922
S/PV.3385,31 May,SC/5853,Somalia,1994,,S/RES/923
S/PV.3386,1 June,SC/5854,Yemen,1994,,S/RES/924
S/PV.3388+Corr.1,8 June,SC/5856,Rwanda,1994,,S/RES/925
S/PV.3389,13 June,SC/5859,Aouzou strip,1994,,S/RES/926
S/PV.3390,15 June,SC/5861,Cyprus,1994,,S/RES/927
S/PV.3391,20 June,SC/5863,Rwanda,1994,,S/RES/928
S/PV.3392+Corr.1,22 June,SC/5864,Rwanda,1994,,S/RES/929
S/PV.3393,27 June,SC/5865,South Africa,1994,,S/RES/930
S/PV.3394,29 June,SC/5866,Yemen,1994,,S/RES/931
S/PV.3395,30 June,SC/5867,Angola,1994,,S/RES/932
S/PV.3397,30 June,SC/5870,Haiti,1994,,S/RES/933
S/PV.3398,30 June,SC/5871,Georgia,1994,,S/RES/934
S/PV.3400,1 July,SC/5873,Rwanda,1994,,S/RES/935
S/PV.3401,8 July,SC/5874,International Tribunal — Yugoslavia,1994,,S/RES/936
S/PV.3407,21 July,SC/5880,Georgia,1994,,S/RES/937
S/PV.3409,28 July,SC/5882,Middle East — UNIFIL,1994,,S/RES/938
S/PV.3412,29 July,SC/5885,Cyprus,1994,,S/RES/939
S/PV.3413,31 July,SC/5887,Haiti,1994,,S/RES/940
S/PV.3428,23 September,SC/5904,The situation in the former Yugoslavia,1994,,S/RES/943
S/PV.3430,29 September,SC/5906,Haiti,1994,,S/RES/944
S/PV.3431,29 September,SC/5907,Angola,1994,,S/RES/945
S/PV.3432,30 September,SC/5909,Somalia,1994,,S/RES/946
S/PV.3434+Corr.1,30 September,SC/5911,United Nations Protection Force,1994,,S/RES/947
S/PV.3437,15 October,SC/5914,Haiti,1994,,S/RES/948
S/PV.3438,15 October,SC/5915,Iraq-Kuwait,1994,,S/RES/949
S/PV.3442,21 October,SC/5919,Liberia,1994,,S/RES/950
S/PV.3443,21 October,SC/5920,ICJ — Election,1994,,S/RES/951
S/PV.3445,27 October,SC/5923,Angola,1994,,S/RES/952
S/PV.3446,31 October,SC/5924,Somalia,1994,,S/RES/953
S/PV.3447,4 November,SC/5926,Somalia,1994,,S/RES/954
S/PV.3453,8 November,SC/5932,International Tribunal — Rwanda,1994,,S/RES/955
S/PV.3455,10 November,SC/5935,Trusteeship System — Palau,1994,,S/RES/956
S/PV.3458,15 November,SC/5938,Mozambique,1994,,S/RES/957
S/PV.3461,19 November,SC/5943,Bosnia and Herzegovina-Croatia,1994,,S/RES/958
S/PV.3462,19 November,SC/5944,Bosnia and Herzegovina-Croatia,1994,,S/RES/959
S/PV.3464,21 November,SC/5945,Mozambique,1994,,S/RES/960
S/PV.3465,23 November,SC/5947,El Salvador,1994,,S/RES/961
S/PV.3467,29 November,SC/5949,The situation in the Middle East — UNDOF,1994,,S/RES/962
S/PV.3469,29 November,SC/5951,Admission of new Members — Palau,1994,,S/RES/963
S/PV.3470,29 November,SC/5952,Haiti,1994,,S/RES/964
S/PV.3473,30 November,SC/5956,Rwanda,1994,,S/RES/965
S/PV.3477,8 December,SC/5961,Angola,1994,,S/RES/966
S/PV.3480,14 December,SC/5965,Federal Republic of Yugoslavia (Serbia and Montenegro) — Sanctions,1994,,S/RES/967
S/PV.3482,16 December,SC/5968,Tajikistan,1994,,S/RES/968
S/PV.3484,21 December,SC/5970,Cyprus,1994,,S/RES/969
S/PV.3487,12 January,SC/5977,Federal Republic of Yugoslavia (Serbia and Montenegro) — Sanctions,1995,,S/RES/970
S/PV.3488,12 January,SC/5978,Georgia,1995,,S/RES/971
S/PV.3489,13 January,SC/5979,Liberia,1995,,S/RES/972
S/PV.3490,13 January,SC/5980,Western Sahara,1995,,S/RES/973
S/PV.3495,30 January,SC/5987,Middle East — UNIFIL,1995,,S/RES/974
S/PV.3496,30 January,SC/5988,Haiti,1995,,S/RES/975
S/PV.3499 (Resumption 1),8 February,SC/5995,Angola,1995,,S/RES/976
S/PV.3502,22 February,SC/5998,International Tribunal — Rwanda,1995,,S/RES/977
S/PV.3504,27 February,SC/6000,International Tribunal — Rwanda,1995,,S/RES/978
S/PV.3507,9 March,SC/6005,ICJ — Election,1995,,S/RES/979
S/PV.3510,22 March,SC/6008,ICJ — Election,1995,,S/RES/980
S/PV.3512,31 March,SC/6010,The situation in the former Yugoslavia,1995,,S/RES/983
S/PV.3514,11 April,SC/6013,Aggression against non-nuclear weapon states,1995,,S/RES/984
S/PV.3517,13 April,SC/6016,Liberia,1995,,S/RES/985
S/PV.3519,14 April,SC/6018,Iraq-Kuwait,1995,,S/RES/986
S/PV.3521,19 April,SC/6020,United Nations Protection Force,1995,,S/RES/987
S/PV.3522,21 April,SC/6021,Federal Republic of Yugoslavia (Serbia and Montenegro) — Sanctions,1995,,S/RES/988
S/PV.3524,24 April,SC/6023,International Tribunal — Rwanda,1995,,S/RES/989
S/PV.3527,28 April,SC/6026,Croatia,1995,,S/RES/990
S/PV.3528+Corr.1,28 April,SC/6027,El Salvador,1995,,S/RES/991
S/PV.3533,11 May,SC/6036,Navigation on the Danube River,1995,,S/RES/992
S/PV.3535,12 May,SC/6038,Georgia,1995,,S/RES/993
S/PV.3537,17 May,SC/6042,Croatia,1995,,S/RES/994
S/PV.3540,26 May,SC/6045,Western Sahara,1995,,S/RES/995
S/PV.3541,30 May,SC/6046,Middle East — UNDOF,1995,,S/RES/996
S/PV.3542,9 June,SC/6050,Rwanda,1995,,S/RES/997
S/PV.3543,16 June,SC/6052,United Nations Protection Force,1995,,S/RES/998
S/PV.3544,16 June,SC/6053,Tajikistan,1995,,S/RES/999
S/PV.3547,23 June,SC/6056,Cyprus,1995,,S/RES/1000
S/PV.3549,30 June,SC/6059,Liberia,1995,,S/RES/1001
S/PV.3550,30 June,SC/6062,Western Sahara,1995,,S/RES/1002
S/PV.3551,5 July,SC/6064,Federal Republic of Yugoslavia (Serbia and Montenegro) — Sanctions,1995,,S/RES/1003
S/PV.3553,12 July,SC/6066,Bosnia and Herzegovina,1995,,S/RES/1004
S/PV.3555,17 July,SC/6068,Rwanda,1995,,S/RES/1005
S/PV.3558,28 July,SC/6075,Middle East — UNIFIL,1995,,S/RES/1006
S/PV.3559,31 July,SC/6077/Rev.1,Haiti,1995,,S/RES/1007
S/PV.3562,7 August,SC/6080,Angola,1995,,S/RES/1008
S/PV.3563,10 August,SC/6081,Croatia,1995,,S/RES/1009
S/PV.3564,10 August,SC/6082,Bosnia and Herzegovina,1995,,S/RES/1010
S/PV.3566,16 August,SC/6084,Rwanda,1995,,S/RES/1011
S/PV.3571,28 August,SC/6091,Burundi,1995,,S/RES/1012
S/PV.3574,7 September,SC/6095,Rwanda,1995,,S/RES/1013
S/PV.3577,15 September,SC/6098,Liberia,1995,,S/RES/1014
S/PV.3578,15 September,SC/6099,Federal Republic of Yugoslavia (Serbia and Montenegro) — Sanctions,1995,,S/RES/1015
S/PV.3581,21 September,SC/6102,Bosnia and Herzegovina,1995,,S/RES/1016
S/PV.3582,22 September,SC/6103,Western Sahara,1995,,S/RES/1017
S/PV.3590,7 November,SC/6121,ICJ — Election,1995,,S/RES/1018
S/PV.3591,9 November,SC/6122/Rev.1,The situation in the former Yugoslavia,1995,,S/RES/1019
S/PV.3592,10 November,SC/6123,Liberia,1995,,S/RES/1020
S/PV.3595,22 November,SC/6127,Federal Republic of Yugoslavia (Serbia and Montenegro) — Sanctions,1995,,S/RES/1022
S/PV.3596,22 November,SC/6128,Croatia,1995,,S/RES/1023
S/PV.3599,28 November,SC/6131,Middle East — UNDOF,1995,,S/RES/1024
S/PV.3600,30 November,SC/6133,Croatia,1995,,S/RES/1025
S/PV.3601,30 November,SC/6134,Bosnia and Herzegovina,1995,,S/RES/1026
S/PV.3602,30 November,SC/6135,The former Yugoslav Republic of Macedonia,1995,,S/RES/1027
S/PV.3604,8 December,SC/6139,Rwanda,1995,,S/RES/1028
S/PV.3605,12 December,SC/6141,Rwanda,1995,,S/RES/1029
S/PV.3606,14 December,SC/6142,Tajikistan,1995,,S/RES/1030
S/PV.3607,15 December,SC/6143,Bosnia and Herzegovina,1995,,S/RES/1031
S/PV.3608,19 December,SC/6145,Cyprus,1995,,S/RES/1032
S/PV.3610,19 December,SC/6147,Western Sahara,1995,,S/RES/1033
S/PV.3612,21 December,SC/6149,Bosnia and Herzegovina,1995,,S/RES/1034
S/PV.3613,21 December,SC/6150,Bosnia and Herzegovina,1995,,S/RES/1035
S/PV.3618,12 January,SC/6159,Georgia,1996,,S/RES/1036
S/PV.3619,15 January,SC/6160,Croatia,1996,,S/RES/1037
S/PV.3622,29 January,SC/6164,Middle East — UNIFIL,1996,,S/RES/1039
S/PV.3623,29 January,SC/6165,Burundi,1996,,S/RES/1040
S/PV.3624,29 January,SC/6166,Liberia,1996,,S/RES/1041
S/PV.3625,31 January,SC/6167,Western Sahara,1996,,S/RES/1042
S/PV.3626,31 January,SC/6168,Croatia,1996,,S/RES/1043
S/PV.3627,31 January,SC/6170,Ethiopia-Sudan,1996,,S/RES/1044
S/PV.3629,8 February,SC/6175,Angola,1996,,S/RES/1045
S/PV.3630,13 February,SC/6176,Former Yugoslav Republic of Macedonia,1996,,S/RES/1046
S/PV.3637,29 February,SC/6187,International Tribunals — appointment of Prosecutor,1996,,S/RES/1047
S/PV.3638,29 February,SC/6188,Haiti,1996,,S/RES/1048
S/PV.3639,5 March,SC/6189,Burundi,1996,,S/RES/1049
S/PV.3640,8 March,SC/6192,Rwanda,1996,,S/RES/1050
S/PV.3644,27 March,SC/6197,Iraq-Kuwait,1996,,S/RES/1051
S/PV.3654,18 April,SC/6208,Middle East — UNIFIL,1996,,S/RES/1052
S/PV.3656,23 April,SC/6210,Rwanda,1996,,S/RES/1053
S/PV.3660,26 April,SC/6214,Ethiopia-Sudan,1996,,S/RES/1054
S/PV.3662,8 May,SC/6218,Angola,1996,,S/RES/1055
S/PV.3668,29 May,SC/6226/Rev.1,Western Sahara,1996,,S/RES/1056
S/PV.3669,30 May,SC/6227,Middle East — UNDOF,1996,,S/RES/1057
S/PV.3670,30 May,SC/6228,The former Yugoslav Republic of Macedonia,1996,,S/RES/1058
S/PV.3671,31 May,SC/6230,Liberia,1996,,S/RES/1059
S/PV.3672,12 June,SC/6231,Iraq-Kuwait,1996,,S/RES/1060
S/PV.3673,14 June,SC/6233,Tajikistan,1996,,S/RES/1061
S/PV.3675,28 June,SC/6236,Cyprus,1996,,S/RES/1062
S/PV.3676,28 June,SC/6237,Haiti,1996,,S/RES/1063
S/PV.3679,11 July,SC/6243,Angola,1996,,S/RES/1064
S/PV.3680+Corr.1,12 July,SC/6244,Georgia,1996,,S/RES/1065
S/PV.3681,15 July,SC/6245,Croatia,1996,,S/RES/1066
S/PV.3683,26 July,SC/6247,Cuba-USA,1996,,S/RES/1067
S/PV.3685,30 July,SC/6249,Middle East — UNIFIL,1996,,S/RES/1068
S/PV.3686,30 July,SC/6250,Croatia,1996,,S/RES/1069
S/PV.3690,16 August,SC/6258/Rev.1 (not posted),Ethiopia-Sudan,1996,,S/RES/1070
S/PV.3694,30 August,SC/6262,Liberia,1996,,S/RES/1071
S/PV.3695,30 August,SC/6263,Burundi,1996,,S/RES/1072
S/PV.3698(Resumption 2),28 September,SC/6272,The situation in the occupied Arab territories,1996,,S/RES/1073
S/PV.3700,1 October,SC/6274,Federal Republic of Yugoslavia — termination of sanctions,1996,,S/RES/1074
S/PV.3703,11 October,SC/6278,Angola,1996,,S/RES/1075
S/PV.3706,22 October,SC/6282,Afghanistan,1996,,S/RES/1076
S/PV.3707,22 October,SC/6283,Georgia,1996,,S/RES/1077
S/PV.3710,9 November,SC/6287,Zaire,1996,,S/RES/1078
S/PV.3712,15 November,SC/6289,Croatia,1996,,S/RES/1079
S/PV.3713+Corr.1,15 November,SC/6291,Zaire,1996,,S/RES/1080
S/PV.3715,27 November,SC/6293,Middle East — UNDOF,1996,,S/RES/1081
S/PV.3716+Corr.1,27 November,SC/6294,The former Yugoslav Republic of Macedonia,1996,,S/RES/1082
S/PV.3717,27 November,SC/6295/Rev.1,Liberia,1996,,S/RES/1083
S/PV.3718,27 November,SC/6296,Western Sahara,1996,,S/RES/1084
S/PV.3719,29 November,SC/6298 (not posted),Haiti,1996,,S/RES/1085
S/PV.3721,5 December,SC/6300,Haiti,1996,,S/RES/1086
S/PV.3722,11 December,SC/6301,Angola,1996,,S/RES/1087
S/PV.3723,12 December,SC/6302,Bosnia and Herzegovina,1996,,S/RES/1088
S/PV.3724,13 December,SC/6303+Corr.1,Tajikistan,1996,,S/RES/1089
S/PV.3725,13 December,SC/6304,Appointment of the Secretary-General,1996,,S/RES/1090
S/PV.3728,23 December,SC/6307,Cyprus,1996,,S/RES/1092
S/PV.3731,14 January,SC/6312,Croatia,1997,,S/RES/1093
S/PV.3732,20 January,SC/6314,Guatemala,1997,,S/RES/1094
S/PV.3733,28 January,SC/6316,Middle East — UNIFIL,1997,,S/RES/1095
S/PV.3735,30 January,SC/6318/Rev.1,Georgia,1997,,S/RES/1096
S/PV.3741,18 February,SC/6326,Great Lakes region,1997,,S/RES/1097
S/PV.3743,27 February,SC/6328,Angola,1997,,S/RES/1098
S/PV.3752,14 March,SC/6340,Tajikistan,1997,,S/RES/1099
S/PV.3757,27 March,SC/6346,Liberia,1997,,S/RES/1100
S/PV.3758,28 March,SC/6347,Albania,1997,,S/RES/1101
S/PV.3759,31 March,SC/6349,Angola,1997,,S/RES/1102
S/PV.3760,31 March,SC/6350,Bosnia and Herzegovina,1997,,S/RES/1103
S/PV.3763,8 April,SC/6354,International Tribunal — Yugoslavia,1997,,S/RES/1104
S/PV.3764,9 April,SC/6355,The former Yugoslav Republic of Macedonia,1997,,S/RES/1105
S/PV.3769,16 April,SC/6359,Angola,1997,,S/RES/1106
S/PV.3776,16 May,SC/6369,Bosnia and Herzegovina,1997,,S/RES/1107
S/PV.3779,22 May,SC/6372,Western Sahara,1997,,S/RES/1108
S/PV.3782,28 May,SC/6375,Middle East — UNDOF,1997,,S/RES/1109
S/PV.3783,28 May,SC/6376,The former Yugoslav Republic of Macedonia,1997,,S/RES/1110
S/PV.3786,4 June,SC/6380,Iraq-Kuwait,1997,,S/RES/1111
S/PV.3787,12 June,SC/6381,Bosnia and Herzegovina,1997,,S/RES/1112
S/PV.3788,12 June,SC/6382,Tajikistan,1997,,S/RES/1113
S/PV.3791,19 June,SC/6385,Albania,1997,,S/RES/1114
S/PV.3792,21 June,SC/6387,Iraq-Kuwait,1997,,S/RES/1115
S/PV.3793,27 June,SC/6388,Liberia,1997,,S/RES/1116
S/PV.3794,27 June,SC/6389,Cyprus,1997,,S/RES/1117
S/PV.3795,30 June,SC/6390,Angola,1997,,S/RES/1118
S/PV.3800,14 July,SC/6396,Croatia,1997,,S/RES/1119
S/PV.3802,22 July,SC/6398,"UN peacekeeping:
      Dag Hammarskjold Medal",1997,,S/RES/1121
S/PV.3804,29 July,SC/6401,Middle East — UNIFIL,1997,,S/RES/1122
S/PV.3806,30 July,SC/6403,Haiti,1997,,S/RES/1123
S/PV.3807,31 July,SC/6405,Georgia,1997,,S/RES/1124
S/PV.3808,6 August,SC/6407,Central African Republic,1997,,S/RES/1125
S/PV.3813,27 August,SC/6413,International Tribunal — Yugoslavia,1997,,S/RES/1126
S/PV.3814,28 August,SC/6414,Angola,1997,,S/RES/1127
S/PV.3816,12 September,SC/6417,Tajikistan,1997,,S/RES/1128
S/PV.3817+Corr.1,12 September,SC/6418,Iraq-Kuwait,1997,,S/RES/1129
S/PV.3820,29 September,SC/6423,Angola,1997,,S/RES/1130
S/PV.3821,29 September,SC/6424,Western Sahara,1997,,S/RES/1131
S/PV.3822,8 October,SC/6425,Sierra Leone,1997,,S/RES/1132
S/PV.3825,20 October,SC/6431,Western Sahara,1997,,S/RES/1133
S/PV.3826,23 October,SC/6432/Rev.1,Iraq-Kuwait,1997,,S/RES/1134
S/PV.3827,29 October,SC/6433,Angola,1997,,S/RES/1135
S/PV.3829,6 November,SC/6439,Central African Republic,1997,,S/RES/1136
S/PV.3831,12 November,SC/6441,Iraq-Kuwait,1997,,S/RES/1137
S/PV.3833,14 November,SC/6443,Tajikistan,1997,,S/RES/1138
S/PV.3835,21 November,SC/6446,Middle East — UNDOF,1997,,S/RES/1139
S/PV.3836,28 November,SC/6447,The former Yugoslav Republic of Macedonia,1997,,S/RES/1140
S/PV.3837,28 November,SC/6448,Haiti,1997,,S/RES/1141
S/PV.3839,4 December,SC/6451,The former Yugoslav Republic of Macedonia,1997,,S/RES/1142
S/PV.3840,4 December,SC/6452,Iraq-Kuwait,1997,,S/RES/1143
S/PV.3842 (Resumption),19 December,SC/6455,Bosnia and Herzegovina,1997,,S/RES/1144
S/PV.3843,19 December,SC/6456,Croatia,1997,,S/RES/1145
S/PV.3846,23 December,SC/6460,Cyprus,1997,,S/RES/1146
S/PV.3847,13 January,SC/6467,Croatia,1998,,S/RES/1147
S/PV.3849,26 January,SC/6470,Western Sahara,1998,,S/RES/1148
S/PV.3850,27 January,SC/6471,Angola,1998,,S/RES/1149
S/PV.3851,30 January,SC/6473,Georgia,1998,,S/RES/1150
S/PV.3852,30 January,SC/6474,Middle East — UNIFIL,1998,,S/RES/1151
S/PV.3853,5 February,SC/6476,Central African Republic,1998,,S/RES/1152
S/PV.3855,20 February,SC/6478,Iraq-Kuwait,1998,,S/RES/1153
S/PV.3858,2 March,SC/6483,Iraq-Kuwait,1998,,S/RES/1154
S/PV.3860,16 March,SC/6485,Central African Republic,1998,,S/RES/1155
S/PV.3861,16 March,SC/6486,Sierra Leone,1998,,S/RES/1156
S/PV.3863,20 March,SC/6489,Angola,1998,,S/RES/1157
S/PV.3865,25 March,SC/6492,Iraq-Kuwait,1998,,S/RES/1158
S/PV.3867,27 March,SC/6494,Central African Republic,1998,,S/RES/1159
S/PV.3868+Corr.1+Corr.2,31 March,SC/6496,Kosovo (Federal Republic of Yugoslavia),1998,,S/RES/1160
S/PV.3870,9 April,SC/6500,Rwanda,1998,,S/RES/1161
S/PV.3872,17 April,SC/6504,Sierra Leone,1998,,S/RES/1162
S/PV.3873,17 April,SC/6505,Western Sahara,1998,,S/RES/1163
S/PV.3876,29 April,SC/6509,Angola,1998,,S/RES/1164
S/PV.3877,30 April,SC/6510,International Tribunal — Rwanda,1998,,S/RES/1165
S/PV.3878,13 May,SC/6514,International Tribunal — Yugoslavia,1998,,S/RES/1166
S/PV.3879,14 May,SC/6515,Tajikistan,1998,,S/RES/1167
S/PV.3883,21 May,SC/6519,Bosnia and Herzegovina,1998,,S/RES/1168
S/PV.3885,27 May,SC/6521,Middle East — UNDOF,1998,,S/RES/1169
S/PV.3886,28 May,SC/6522/Rev.1,Africa,1998,,S/RES/1170
S/PV.3889,5 June,SC/6526,Sierra Leone,1998,,S/RES/1171
S/PV.3890,6 June,SC/6528,Peace and security — nuclear tests by India and Pakistan,1998,,S/RES/1172
S/PV.3891,12 June,SC/6530,Angola,1998,,S/RES/1173
S/PV.3892,15 June,SC/6531,Bosnia and Herzegovina,1998,,S/RES/1174
S/PV.3893,19 June,SC/6533,Iraq-Kuwait,1998,,S/RES/1175
S/PV.3894,24 June,SC/6534,Angola,1998,,S/RES/1176
S/PV.3895,26 June,SC/6535,Eritrea-Ethiopia,1998,,S/RES/1177
S/PV.3898,29 June,SC/6538,Cyprus,1998,,S/RES/1179
S/PV.3899,29 June,SC/6539,Angola,1998,,S/RES/1180
S/PV.3902,13 July,SC/6544,Sierra Leone,1998,,S/RES/1181
S/PV.3905,14 July,SC/6547+Corr.1,Central African Republic,1998,,S/RES/1182
S/PV.3907,15 July,SC/6549+Add.1,Croatia,1998,,S/RES/1183
S/PV.3909,16 July,SC/6551,Bosnia and Herzegovina,1998,,S/RES/1184
S/PV.3910,20 July,SC/6552,Western Sahara,1998,,S/RES/1185
S/PV.3911,21 July,SC/6554,The former Yugoslav Republic of Macedonia,1998,,S/RES/1186
S/PV.3912,30 July,SC/6555,Georgia,1998,,S/RES/1187
S/PV.3913,30 July,SC/6556,Lebanon,1998,,S/RES/1188
S/PV.3915,13 August,SC/6559,Peace and security — terrorist acts committed in Kenya and the United Republic of Tanzania,1998,,S/RES/1189
S/PV.3916,13 August,SC/6560,Angola,1998,,S/RES/1190
S/PV.3919,27 August,SC/6565,International Tribunal — Yugoslavia,1998,,S/RES/1191
S/PV.3920,27 August,SC/6566+Corr.1,Libyan Arab Jamahiriya,1998,,S/RES/1192
S/PV.3921 (Resumption 1),28 August,SC/6567,Afghanistan,1998,,S/RES/1193
S/PV.3924,9 September,SC/6571,Iraq-Kuwait,1998,,S/RES/1194
S/PV.3925,15 September,SC/6572,Angola,1998,,S/RES/1195
S/PV.3927,16 September,SC/6574,Africa,1998,,S/RES/1196
S/PV.3928,18 September,SC/6575,Africa,1998,,S/RES/1197
S/PV.3929,18 September,SC/6576,Western Sahara,1998,,S/RES/1198
S/PV.3930,23 September,SC/6577,Kosovo (Federal Republic of Yugoslavia),1998,,S/RES/1199
S/PV.3934,30 September,SC/6583,International Tribunal — Rwanda,1998,,S/RES/1200
S/PV.3935,15 October,SC/6585,Central African Republic,1998,,S/RES/1201
S/PV.3936,15 October,SC/6586,Angola,1998,,S/RES/1202
S/PV.3937,24 October,SC/6588,Kosovo (Federal Republic of Yugoslavia),1998,,S/RES/1203
S/PV.3938,30 October,SC/6589,Western Sahara,1998,,S/RES/1204
S/PV.3939,5 November,SC/6591,Iraq-Kuwait,1998,,S/RES/1205
S/PV.3943,12 November,SC/6595,Tajikistan,1998,,S/RES/1206
S/PV.3944,17 November,SC/6597,International Tribunal — Yugoslavia,1998,,S/RES/1207
S/PV.3945,19 November,SC/6598,Africa,1998,,S/RES/1209
S/PV.3946,24 November,SC/6600,Iraq-Kuwait,1998,,S/RES/1210
S/PV.3947,25 November,SC/6601,Middle East — UNDOF,1998,,S/RES/1211
S/PV.3949,25 November,SC/6603,Haiti,1998,,S/RES/1212
S/PV.3951,3 December,SC/6606,Angola,1998,,S/RES/1213
S/PV.3952,8 December,SC/6608,Afghanistan,1998,,S/RES/1214
S/PV.3956,17 December,SC/6612,Western Sahara,1998,,S/RES/1215
S/PV.3958,21 December,SC/6614,Guinea-Bissau,1998,,S/RES/1216
S/PV.3959,22 December,SC/6615,Cyprus,1998,,S/RES/1218
S/PV.3962,31 December,SC/6619,Angola,1998,,S/RES/1219
S/PV.3964,12 January,SC/6624,Sierra Leone,1999,,S/RES/1220
S/PV.3965,12 January,SC/6625,Angola,1999,,S/RES/1221
S/PV.3966,15 January,SC/6627,Croatia,1999,,S/RES/1222
S/PV.3970,28 January,SC/6633,Lebanon,1999,,S/RES/1223
S/PV.3971,28 January,SC/6634,Western Sahara,1999,,S/RES/1224
S/PV.3972,28 January,SC/6635,Georgia,1999,,S/RES/1225
S/PV.3973,29 January,SC/6636,Eritrea-Ethiopia,1999,,S/RES/1226
S/PV.3975,10 February,SC/6640,Eritrea-Ethiopia,1999,,S/RES/1227
S/PV.3976,11 February,SC/6641,Western Sahara,1999,,S/RES/1228
S/PV.3983,26 February,SC/6650,Angola,1999,,S/RES/1229
S/PV.3984,26 February,SC/6651,Central African Republic,1999,,S/RES/1230
S/PV.3986,11 March,SC/6653,Sierra Leone,1999,,S/RES/1231
S/PV.3990,30 March,SC/6660,Western Sahara,1999,,S/RES/1232
S/PV.3991,6 April,SC/6663,Guinea-Bissau,1999,,S/RES/1233
S/PV.3993,9 April,SC/6665,Democratic Republic of the Congo,1999,,S/RES/1234
S/PV.3994,30 April,SC/6668,Western Sahara,1999,,S/RES/1235
S/PV.3998,7 May,SC/6672,East Timor,1999,,S/RES/1236
S/PV.3999,7 May,SC/6673,Angola,1999,,S/RES/1237
S/PV.4002,14 May,SC/6676,Western Sahara,1999,,S/RES/1238
S/PV.4003,14 May,SC/6677,Kosovo (Federal Republic of Yugoslavia),1999,,S/RES/1239
S/PV.4004,15 May,SC/6678,Tajikistan,1999,,S/RES/1240
S/PV.4006,19 May,SC/6680,International Tribunal — Rwanda,1999,,S/RES/1241
S/PV.4008,21 May,SC/6682,Iraq-Kuwait,1999,,S/RES/1242
S/PV.4009,27 May,SC/6683,Middle East — UNDOF,1999,,S/RES/1243
S/PV.4011,10 June,SC/6686,Kosovo (Federal Republic of Yugoslavia),1999,,S/RES/1244
S/PV.4012,11 June,SC/6688,Sierra Leone,1999,,S/RES/1245
S/PV.4013,11 June,SC/6689,East Timor,1999,,S/RES/1246
S/PV.4014,18 June,SC/6690,Bosnia and Herzegovina,1999,,S/RES/1247
S/PV.4016,25 June,SC/6692,Admission of new Members — Kiribati,1999,,S/RES/1248
S/PV.4017,25 June,SC/6693,Admission of new Members — Nauru,1999,,S/RES/1249
S/PV.4018,29 June,SC/6694,Cyprus,1999,,S/RES/1250
S/PV.4023,15 July,SC/6701,Croatia,1999,,S/RES/1252
S/PV.4026,28 July,SC/6704,Admission of new Members — Tonga,1999,,S/RES/1253
S/PV.4028,30 July,SC/6707,Middle East — UNIFIL,1999,,S/RES/1254
S/PV.4029,30 July,SC/6708,Georgia,1999,,S/RES/1255
S/PV.4030,3 August,SC/6709,Bosnia and Herzegovina,1999,,S/RES/1256
S/PV.4031,3 August,SC/6710,East Timor,1999,,S/RES/1257
S/PV.4032,6 August,SC/6711,Democratic Republic of the Congo,1999,,S/RES/1258
S/PV.4033,11 August,SC/6712,International Tribunal — Rwanda & Yugoslavia,1999,,S/RES/1259
S/PV.4035+Corr.1,20 August,SC/6714,Sierra Leone,1999,,S/RES/1260
"S/PV.4037
      (Resumption 1)
",25 August,SC/6716,Children and armed conflict,1999,,S/RES/1261
S/PV.4038,27 August,SC/6717,East Timor,1999,,S/RES/1262
S/PV.4044,13 September,SC/6726,Western Sahara,1999,,S/RES/1263
S/PV.4045,15 September,SC/6727,East Timor,1999,,S/RES/1264
"S/PV.4046
      (Resumption 2)
",17 September,SC/6730,Civilians in armed conflict,1999,,S/RES/1265
S/PV.4050,4 October,SC/6738,Iraq-Kuwait,1999,,S/RES/1266
S/PV.4051,15 October,SC/6739,Afghanistan,1999,,S/RES/1267
S/PV.4052,15 October,SC/6740,Angola,1999,,S/RES/1268
S/PV.4053,19 October,SC/6741,Maintenance of peace and security,1999,,S/RES/1269
S/PV.4054,22 October,SC/6742,Sierra Leone,1999,,S/RES/1270
S/PV.4056,22 October,SC/6744,Central African Republic,1999,,S/RES/1271
S/PV.4057,25 October,SC/6745,East Timor,1999,,S/RES/1272
S/PV.4060,5 November,SC/6748,Democratic Republic of the Congo,1999,,S/RES/1273
S/PV.4064,12 November,SC/6750,Tajikistan,1999,,S/RES/1274
S/PV.4070,19 November,SC/6757,Iraq-Kuwait,1999,,S/RES/1275
S/PV.4071,24 November,SC/6758,Middle East — UNDOF,1999,,S/RES/1276
S/PV.4074,30 November,SC/6763,Haiti,1999,,S/RES/1277
S/PV.4075,30 November,SC/6765,ICJ — Election,1999,,S/RES/1278
S/PV.4076,30 November,SC/6766,Democratic Republic of the Congo,1999,,S/RES/1279
S/PV.4077+Corr.1,3 December,SC/6767,Iraq-Kuwait,1999,,S/RES/1280
S/PV.4079,10 December,SC/6769,Iraq-Kuwait,1999,,S/RES/1281
S/PV.4080,14 December,SC/6770,Western Sahara,1999,,S/RES/1282
S/PV.4082,15 December,SC/6773,Cyprus,1999,,S/RES/1283
S/PV.4084+Corr.1,17 December,SC/6775,Iraq-Kuwait,1999,,S/RES/1284
S/PV.4088,13 January,SC/6782,Croatia,2000,,S/RES/1285
S/PV.4091,19 January,SC/6787,Burundi,2000,,S/RES/1286
S/PV.4094,31 January,SC/6794,Georgia,2000,,S/RES/1287
S/PV.4095,31 January,SC/6795,Middle East — UNIFIL,2000,,S/RES/1288
S/PV.4099,7 February,SC/6801,Sierra Leone,2000,,S/RES/1289
S/PV.4103,17 February,SC/6807,Admission of new Members — Tuvalu,2000,,S/RES/1290
S/PV.4104,24 February,SC/6809,Democratic Republic of the Congo,2000,,S/RES/1291
S/PV.4106,29 February,SC/6812,Western Sahara,2000,,S/RES/1292
S/PV.4123,31 March,SC/6838,Iraq-Kuwait,2000,,S/RES/1293
S/PV.4126,13 April,SC/6842,Angola,2000,,S/RES/1294
S/PV.4129 (Resumption 1),18 April,SC/6846,Angola,2000,,S/RES/1295
S/PV.4130 (Resumption 1)+Corr.1,19 April,SC/6847,Civilians in armed conflict,2000,,S/RES/1296
S/PV.4142,12 May,SC/6861,Eritrea-Ethiopia,2000,,S/RES/1297
S/PV.4144,17 May,SC/6863,Eritrea-Ethiopia,2000,,S/RES/1298
S/PV.4145,19 May,SC/6864,Sierra Leone,2000,,S/RES/1299
S/PV.4148,31 May,SC/6868,Middle East — UNDOF,2000,,S/RES/1300
S/PV.4149,31 May,SC/6869,Western Sahara,2000,,S/RES/1301
S/PV.4152,8 June,SC/6872,Iraq-Kuwait,2000,,S/RES/1302
S/PV.4155,14 June,SC/6875,Cyprus,2000,,S/RES/1303
S/PV.4159,16 June,SC/6877,Democratic Republic of the Congo,2000,,S/RES/1304
S/PV.4162,21 June,SC/6880,Bosnia and Herzegovina,2000,,S/RES/1305
S/PV.4168,5 July,SC/6886,Sierra Leone,2000,,S/RES/1306
S/PV.4170,13 July,SC/6888,Croatia,2000,,S/RES/1307
S/PV.4172,17 July,SC/6890,HIV/AIDS and peacekeeping operations,2000,,S/RES/1308
S/PV.4175,25 July,SC/6894,Western Sahara,2000,,S/RES/1309
S/PV.4177,27 July,SC/6897,Middle East — UNIFIL,2000,,S/RES/1310
S/PV.4179,28 July,SC/6901,Georgia,2000,,S/RES/1311
S/PV.4181,31 July,SC/6903,Eritrea-Ethiopia,2000,,S/RES/1312
S/PV.4184,4 August,SC/6906,Sierra Leone,2000,,S/RES/1313
S/PV.4185,11 August,SC/6908,Children and armed conflict,2000,,S/RES/1314
S/PV.4186,14 August,SC/6910,Sierra Leone,2000,,S/RES/1315
S/PV.4189,23 August,SC/6913,Democratic Republic of the Congo,2000,,S/RES/1316
S/PV.4193,5 September,SC/6918,Sierra Leone,2000,,S/RES/1317
S/PV.4194,7 September,SC/6919,Security Council Summit: maintaining peace and security,2000,,S/RES/1318
S/PV.4195,8 September,SC/6920,East Timor,2000,,S/RES/1319
S/PV.4197,15 September,"SC/6922
      (not posted)",Eritrea-Ethiopia,2000,,S/RES/1320
S/PV.4199,20 September,SC/6925,Sierra Leone,2000,,S/RES/1321
S/PV.4205,7 October,SC/6934,"Middle East situation, including the Palestinian question",2000,,S/RES/1322
S/PV.4207,13 October,SC/6935,Democratic Republic of the Congo,2000,,S/RES/1323
S/PV.4211,30 October,SC/6941,Western Sahara,2000,,S/RES/1324
S/PV.4213,31 October,SC/6942,Women and peace and security,2000,,S/RES/1325
S/PV.4215,31 October,SC/6944,Admission of new Members — Federal Republic of Yugoslavia,2000,,S/RES/1326
S/PV.4220,13 November,SC/6948,Maintenance of peace and security,2000,,S/RES/1327
S/PV.4235,27 November,SC/6960,Middle East — UNDOF,2000,,S/RES/1328
S/PV.4240,30 November,SC/6967,International Tribunal — Rwanda & Yugoslavia,2000,,S/RES/1329
S/PV.4241,5 December,SC/6969,Iraq-Kuwait,2000,,S/RES/1330
S/PV.4246,13 December,SC/6974,Cyprus,2000,,S/RES/1331
S/PV.4247,14 December,SC/6975,Democratic Republic of the Congo,2000,,S/RES/1332
S/PV.4251+Corr.1,19 December,SC/6979,Afghanistan,2000,,S/RES/1333
S/PV.4253,22 December,SC/6981,Sierra Leone,2000,,S/RES/1334
S/PV.4256,12 January,SC/6986,Croatia,2001,,S/RES/1335
S/PV.4263,23 January,SC/6996,Angola,2001,,S/RES/1336
S/PV.4267,30 January,SC/7000,Middle East — UNIFIL,2001,,S/RES/1337
S/PV.4268,31 January,SC/7001,East Timor,2001,,S/RES/1338
S/PV.4269,31 January,SC/7002,Georgia,2001,,S/RES/1339
S/PV.4274+Corr.1,8 February,SC/7010,International Tribunal — Yugoslavia,2001,,S/RES/1340
S/PV.4282,22 February,SC/7017,Democratic Republic of the Congo,2001,,S/RES/1341
S/PV.4284,27 February,SC/7020,Western Sahara,2001,,S/RES/1342
S/PV.4287,7 March,SC/7023,Liberia,2001,,S/RES/1343
S/PV.4294,15 March,SC/7030,Eritrea-Ethiopia,2001,,S/RES/1344
S/PV.4301,21 March,SC/7036,The former Yugoslav Republic of Macedonia,2001,,S/RES/1345
S/PV.4306,30 March,SC/7041,Sierra Leone,2001,,S/RES/1346
S/PV.4307,30 March,SC/7042,International Tribunal — Rwanda,2001,,S/RES/1347
S/PV.4311,19 April,SC/7049,Angola,2001,,S/RES/1348
S/PV.4315,27 April,SC/7053,Western Sahara,2001,,S/RES/1349
S/PV.4316,27 April,SC/7054,International Tribunal — Yugoslavia,2001,,S/RES/1350
S/PV.4322,30 May,SC/7063,Middle East — UNDOF,2001,,S/RES/1351
S/PV.4324,1 June,SC/7067,Iraq-Kuwait,2001,,S/RES/1352
S/PV.4326,13 June,SC/7070,Strengthening cooperation with troop-contributing countries,2001,,S/RES/1353
S/PV.4328,15 June,SC/7073,Cyprus,2001,,S/RES/1354
S/PV.4329,15 June,SC/7074,Democratic Republic of the Congo,2001,,S/RES/1355
S/PV.4332,19 June,SC/7079,Somalia,2001,,S/RES/1356
S/PV.4333,21 June,SC/7080,Bosnia and Herzegovina,2001,,S/RES/1357
S/PV.4337 (closed),27 June,None issued,Appointment of Secretary-General,2001,,S/RES/1358
S/PV.4342,29 June,SC/7090,Western Sahara,2001,,S/RES/1359
S/PV.4344,3 July,SC/7093,Iraq-Kuwait,2001,,S/RES/1360
S/PV.4345,5 July,SC/7094,ICJ — Election,2001,,S/RES/1361
S/PV.4346,11 July,SC/7099,Croatia,2001,,S/RES/1362
S/PV.4352,30 July,SC/7110,Afghanistan,2001,,S/RES/1363
S/PV.4353,31 July,SC/7112,Georgia,2001,,S/RES/1364
S/PV.4354,31 July,SC/7113,Middle East — UNIFIL,2001,,S/RES/1365
S/PV.4360,30 August,SC/7131,Prevention of armed conflicts,2001,,S/RES/1366
S/PV.4366,10 September,SC/7138,Yugoslavia,2001,,S/RES/1367
S/PV.4370,12 September,SC/7143,Peace and security — terrorist acts committed in the United States,2001,,S/RES/1368
S/PV.4372,14 September,SC/7144,Eritrea-Ethiopia,2001,,S/RES/1369
S/PV.4374,18 September,SC/7146,Sierra Leone,2001,,S/RES/1370
S/PV.4381,26 September,SC/7153,The former Yugoslav Republic of Macedonia,2001,,S/RES/1371
S/PV.4384,28 September,SC/7157,Sudan,2001,,S/RES/1372
S/PV.4385,28 September,SC/7158,Peace and security — terrorist acts,2001,,S/RES/1373
S/PV.4393,19 October,SC/7179,Angola,2001,,S/RES/1374
S/PV.4399,29 October,SC/7189,Burundi,2001,,S/RES/1375
S/PV.4412,9 November,SC/7204,Democratic Republic of the Congo,2001,,S/RES/1376
S/PV.4413,12 November,SC/7207,Peace and security — terrorist acts,2001,,S/RES/1377
S/PV.4415,14 November,SC/7212,Afghanistan,2001,,S/RES/1378
S/PV.4423,20 November,SC/7219,Children and armed conflict,2001,,S/RES/1379
S/PV.4427,27 November,SC/7225,Western Sahara,2001,,S/RES/1380
S/PV.4428,27 November,SC/7226,Middle East — UNDOF,2001,,S/RES/1381
S/PV.4431,29 November,SC/7229,Iraq-Kuwait,2001,,S/RES/1382
S/PV.4434,6 December,SC/7234,Afghanistan,2001,,S/RES/1383
S/PV.4436,14 December,SC/7240,Cyprus,2001,,S/RES/1384
S/PV.4442,19 December,SC/7247,Sierra Leone,2001,,S/RES/1385
S/PV.4443,20 December,SC/7248,Afghanistan,2001,,S/RES/1386
S/PV.4448,15 January,SC/7268,Croatia,2002,,S/RES/1387
S/PV.4449,15 January,SC/7269,Afghanistan,2002,,S/RES/1388
S/PV.4451,16 January,SC/7272,Sierra Leone,2002,,S/RES/1389
S/PV.4452,16 January,SC/7274,Afghanistan,2002,,S/RES/1390
S/PV.4458,28 January,SC/7280,Middle East — UNIFIL,2002,,S/RES/1391
S/PV.4463,31 January,SC/7288,East Timor,2002,,S/RES/1392
S/PV.4464,31 January,SC/7289,Georgia,2002,,S/RES/1393
S/PV.4480,27 February,SC/7312,Western Sahara,2002,,S/RES/1394
S/PV.4481,27 February,SC/7313,Liberia,2002,,S/RES/1395
S/PV.4484,5 March,SC/7319,Bosnia and Herzegovina,2002,,S/RES/1396
S/PV.4489,12 March,SC/7326,"Middle East situation, including the Palestinian question",2002,,S/RES/1397
S/PV.4494,15 March,SC/7330,Eritrea-Ethiopia,2002,,S/RES/1398
S/PV.4495,19 March,SC/7334,Democratic Republic of the Congo,2002,,S/RES/1399
S/PV.4500,28 March,SC/7344,Sierra Leone,2002,,S/RES/1400
S/PV.4501,28 March,SC/7345,Afghanistan,2002,,S/RES/1401
S/PV.4503,29 + 30 March,SC/7348+Corr.1,"Middle East situation, including the Palestinian question",2002,,S/RES/1402
S/PV.4506 (Resumption 2),4 April,SC/7355,"Middle East situation, including the Palestinian question",2002,,S/RES/1403
S/PV.4514,18 April,SC/7366,Angola,2002,,S/RES/1404
S/PV.4516,19 April,SC/7369,"Middle East situation, including the Palestinian question",2002,,S/RES/1405
S/PV.4523,30 April,SC/7384,Western Sahara,2002,,S/RES/1406
S/PV.4524,3 May,SC/7388,Somalia,2002,,S/RES/1407
S/PV.4526,6 May,SC/7392,Liberia,2002,,S/RES/1408
S/PV.4531,14 May,SC/7395+Corr.1,Iraq-Kuwait,2002,,S/RES/1409
S/PV.4534,17 May,SC/7400,East Timor,2002,,S/RES/1410
S/PV.4535,17 May,SC/7401,International Tribunal — Rwanda & Yugoslavia,2002,,S/RES/1411
S/PV.4536,17 May,SC/7402,Angola,2002,,S/RES/1412
S/PV.4541,23 May,SC/7410,Afghanistan,2002,,S/RES/1413
S/PV.4542,23 May,SC/7411,Admission of new Members — East Timor,2002,,S/RES/1414
S/PV.4546,30 May,SC/7418,Middle East — UNDOF,2002,,S/RES/1415
S/PV.4551,13 June,SC/7423,Cyprus,2002,,S/RES/1416
S/PV.4554,14 June,SC/7425,Democratic Republic of the Congo,2002,,S/RES/1417
S/PV.4558,21 June,SC/7430,Bosnia and Herzegovina,2002,,S/RES/1418
S/PV.4560,26 June,SC/7435,Afghanistan,2002,,S/RES/1419
S/PV.4564,30 June,SC/7438,Bosnia and Herzegovina,2002,,S/RES/1420
S/PV.4566,3 July,SC/7441,Bosnia and Herzegovina,2002,,S/RES/1421
S/PV.4572,12 July,SC/7450,United Nations peacekeeping,2002,,S/RES/1422
S/PV.4573,12 July,SC/7451,Bosnia and Herzegovina,2002,,S/RES/1423
S/PV.4574,12 July,SC/7452,Croatia,2002,,S/RES/1424
S/PV.4580,22 July,SC/7459,Somalia,2002,,S/RES/1425
S/PV.4585,24 July,SC/7464,Admission of new Members — Switzerland,2002,,S/RES/1426
S/PV.4591,29 July,SC/7470,Georgia,2002,,S/RES/1427
S/PV.4593,30 July,SC/7473,Middle East — UNIFIL,2002,,S/RES/1428
S/PV.4594,30 July,SC/7474,Western Sahara,2002,,S/RES/1429
S/PV.4600,14 August,SC/7481/Rev.1,Eritrea-Ethiopia,2002,,S/RES/1430
S/PV.4601,14 August,SC/7482,International Tribunal — Rwanda,2002,,S/RES/1431
S/PV.4603,15 August,SC/7484,Angola,2002,,S/RES/1432
S/PV.4604,15 August,SC/7486,Angola,2002,,S/RES/1433
S/PV.4606,6 September,SC/7496,Eritrea-Ethiopia,2002,,S/RES/1434
S/PV.4614 (Resumption 2),24 September,SC/7509,"Middle East situation, including the Palestinian question",2002,,S/RES/1435
S/PV.4615,24 September,SC/7511,Sierra Leone,2002,,S/RES/1436
S/PV.4622,11 October,SC/7527,Croatia,2002,,S/RES/1437
S/PV.4624,14 October,SC/7529,Peace and security — terrorist acts,2002,,S/RES/1438
S/PV.4628,18 October,SC/7539,Angola,2002,,S/RES/1439
S/PV.4632,24 October,SC/7545,Peace and security — terrorist acts,2002,,S/RES/1440
S/PV.4644+Corr.1,8 November,SC/7564,Iraq-Kuwait,2002,,S/RES/1441
S/PV.4649,25 November,SC/7576,Cyprus,2002,,S/RES/1442
S/PV.4650,25 November,SC/7577,Iraq-Kuwait,2002,,S/RES/1443
S/PV.4651,27 November,SC/7580,Afghanistan,2002,,S/RES/1444
S/PV.4653,4 December,SC/7583,Democratic Republic of the Congo,2002,,S/RES/1445
S/PV.4654,4 December,SC/7584,Sierra Leone,2002,,S/RES/1446
S/PV.4656,4 December,SC/7587,Iraq-Kuwait,2002,,S/RES/1447
S/PV.4657,9 December,SC/7589,Angola,2002,,S/RES/1448
S/PV.4666,13 December,SC/7601,International Tribunal — Rwanda,2002,,S/RES/1449
S/PV.4667,13 December,SC/7602,Peace and security — terrorist acts,2002,,S/RES/1450
S/PV.4670,17 December,SC/7604,Middle East — UNDOF,2002,,S/RES/1451
S/PV.4678,20 December,SC/7617,Peace and security — terrorist acts,2002,,S/RES/1452
S/PV.4682,24 December,SC/7621,Afghanistan,2002,,S/RES/1453
S/PV.4683,30 December,SC/7623,Iraq-Kuwait,2002,,S/RES/1454
S/PV.4686,17 January,SC/7636,Peace and security — terrorist acts,2003,,S/RES/1455
S/PV.4688,20 January,SC/7638,High-level meeting: combating terrorism,2003,,S/RES/1456
S/PV.4691,24 January,SC/7642,Democratic Republic of the Congo,2003,,S/RES/1457
S/PV.4693,28 January,SC/7647,Liberia,2003,,S/RES/1458
S/PV.4694,28 January,SC/7648,Kimberley Process Certification Scheme,2003,,S/RES/1459
S/PV.4695,30 January,SC/7649,Children and armed conflict,2003,,S/RES/1460
S/PV.4696,30 January,SC/7650,Middle East — UNIFIL,2003,,S/RES/1461
S/PV.4697,30 January,SC/7651,Georgia,2003,,S/RES/1462
S/PV.4698,30 January,SC/7652,Western Sahara,2003,,S/RES/1463
S/PV.4700,4 February,SC/7657,Côte d'Ivoire,2003,,S/RES/1464
S/PV.4706,13 February,SC/7663,Peace and security — terrorist acts,2003,,S/RES/1465
S/PV.4719,14 March,SC/7690,Eritrea-Ethiopia,2003,,S/RES/1466
S/PV.4720 (Resumption 1),18 March,SC/7694,Small arms — West Africa,2003,,S/RES/1467
S/PV.4723,20 March,SC/7699,Democratic Republic of the Congo,2003,,S/RES/1468
S/PV.4725,25 March,SC/7704,Western Sahara,2003,,S/RES/1469
S/PV.4729,28 March,SC/7710,Sierra Leone,2003,,S/RES/1470
S/PV.4730,28 March,SC/7711,Afghanistan,2003,,S/RES/1471
S/PV.4732,28 March,SC/7713,Iraq-Kuwait,2003,,S/RES/1472
S/PV.4735,4 April,SC/7719,Timor-Leste,2003,,S/RES/1473
S/PV.4737,8 April,SC/7721,Somalia,2003,,S/RES/1474
S/PV.4740,14 April,SC/7727,Cyprus,2003,,S/RES/1475
S/PV.4743,24 April,SC/7738,Iraq-Kuwait,2003,,S/RES/1476
S/PV.4745,29 April,SC/7742,International Tribunal — Rwanda,2003,,S/RES/1477
S/PV.4751,6 May,SC/7752,Liberia,2003,,S/RES/1478
S/PV.4754,13 May,SC/7758,Côte d'Ivoire,2003,,S/RES/1479
S/PV.4758,19 May,SC/7762,Timor-Leste,2003,,S/RES/1480
S/PV.4759,19 May,SC/7763,International Tribunal — Yugoslavia,2003,,S/RES/1481
S/PV.4760,19 May,SC/7764,International Tribunal — Rwanda,2003,,S/RES/1482
S/PV.4761,22 May,SC/7765,Iraq-Kuwait termination of trade and financial sanctions,2003,,S/RES/1483
S/PV.4764,30 May,SC/7772,Democratic Republic of the Congo,2003,,S/RES/1484
S/PV.4765,30 May,SC/7773,Western Sahara,2003,,S/RES/1485
S/PV.4771,11 June,SC/7786,Cyprus,2003,,S/RES/1486
S/PV.4772,12 June,SC/7789,United Nations peacekeeping,2003,,S/RES/1487
S/PV.4779,26 June,SC/7799,Middle East — UNDOF,2003,,S/RES/1488
S/PV.4780,26 June,SC/7800,Democratic Republic of the Congo,2003,,S/RES/1489
S/PV.4783,3 July,SC/7808,Iraq-Kuwait,2003,,S/RES/1490
S/PV.4786,11 July,SC/7814,Bosnia and Herzegovina,2003,,S/RES/1491
S/PV.4789,18 July,SC/7819,Sierra Leone,2003,,S/RES/1492
S/PV.4797,28 July,SC/7828,Democratic Republic of the Congo,2003,,S/RES/1493
S/PV.4800,30 July,SC/7832,Georgia,2003,,S/RES/1494
S/PV.4801,31 July,SC/7833,Western Sahara,2003,,S/RES/1495
S/PV.4802,31 July,SC/7834,Middle East — UNIFIL,2003,,S/RES/1496
S/PV.4803,1 August,SC/7836,Liberia,2003,,S/RES/1497
S/PV.4804,4 August,SC/7837,Côte d'Ivoire,2003,,S/RES/1498
S/PV.4807,13 August,SC/7841,Democratic Republic of the Congo,2003,,S/RES/1499
S/PV.4808,14 August,SC/7843,Iraq-Kuwait,2003,,S/RES/1500
S/PV.4813,26 August,SC/7852,Democratic Republic of the Congo,2003,,S/RES/1501
S/PV.4814,26 August,SC/7856,Protection of UN personnel,2003,,S/RES/1502
S/PV.4817,28 August,SC/7859,International Tribunal — Rwanda & Yugoslavia,2003,,S/RES/1503
S/PV.4819,4 September,SC/7864,International Tribunal — Rwanda & Yugoslavia,2003,,S/RES/1504
"S/PV.4820
      (Part II)",12 September,SC/7868,Libyan Arab Jamahiriya,2003,,S/RES/1506
S/PV.4822,12 September,SC/7869,Eritrea-Ethiopia,2003,,S/RES/1507
S/PV.4829,19 September,SC/7877,Sierra Leone,2003,,S/RES/1508
S/PV.4830,19 September,SC/7878,Liberia,2003,,S/RES/1509
S/PV.4840,13 October,SC/7894,Afghanistan,2003,,S/RES/1510
S/PV.4844,16 October,SC/7898,Iraq-Kuwait,2003,,S/RES/1511
S/PV.4849,27 October,SC/7905,International Tribunal — Rwanda,2003,,S/RES/1512
S/PV.4850,28 October,SC/7906,Western Sahara,2003,,S/RES/1513
S/PV.4857,13 November,SC/7917,Côte d'Ivoire,2003,,S/RES/1514
S/PV.4862,19 November,SC/7924,"Middle East situation, including the Palestinian question",2003,,S/RES/1515
S/PV.4867,20 November,SC/7929,Peace and security — terrorist acts,2003,,S/RES/1516
S/PV.4870,24 November,SC/7934,Cyprus,2003,,S/RES/1517
S/PV.4872,24 November,SC/7936,Iraq-Kuwait,2003,,S/RES/1518
S/PV.4885,16 December,SC/7957,Somalia,2003,,S/RES/1519
S/PV.4889,22 December,SC/7964,Middle East — UNDOF,2003,,S/RES/1520
S/PV.4890,22 December,SC/7965,Liberia,2003,,S/RES/1521
S/PV.4894,15 January,SC/7980,Democratic Republic of the Congo,2004,,S/RES/1522
S/PV.4905,30 January,SC/7992,Western Sahara,2004,,S/RES/1523
S/PV.4906,30 January,SC/7993,Georgia,2004,,S/RES/1524
S/PV.4907,30 January,SC/7994,Middle East — UNIFIL,2004,,S/RES/1525
S/PV.4908,30 January,SC/7995,Peace and security — terrorist acts,2004,,S/RES/1526
S/PV.4909,4 February,SC/7998,Côte d'Ivoire,2004,,S/RES/1527
S/PV.4918,27 February,SC/8012,Côte d'Ivoire,2004,,S/RES/1528
S/PV.4919,29 February,SC/8015,Haiti,2004,,S/RES/1529
S/PV.4923,11 March,SC/8022,Peace and security — terrorist acts,2004,,S/RES/1530
S/PV.4924,12 March,SC/8023,Eritrea-Ethiopia,2004,,S/RES/1531
S/PV.4925,12 March,SC/8024,Liberia,2004,,S/RES/1532
S/PV.4926,12 March,SC/8025,Democratic Republic of the Congo,2004,,S/RES/1533
S/PV.4935,26 March,SC/8040,International Tribunal — Rwanda & Yugoslavia,2004,,S/RES/1534
S/PV.4936,26 March,SC/8041,Peace and security — terrorist acts,2004,,S/RES/1535
S/PV.4937,26 March,SC/8042,Afghanistan,2004,,S/RES/1536
S/PV.4938,30 March,SC/8045,Sierra Leone,2004,,S/RES/1537
S/PV.4946,21 April,SC/8064,Iraq-Kuwait,2004,,S/RES/1538
S/PV.4948,22 April,SC/8068,Children and armed conflict,2004,,S/RES/1539
S/PV.4956,28 April,SC/8076,Non-proliferation of weapons of mass destruction,2004,,S/RES/1540
S/PV.4957,29 April,SC/8077,Western Sahara,2004,,S/RES/1541
S/PV.4961,30 April,SC/8083,Haiti,2004,,S/RES/1542
S/PV.4968,14 May,SC/8092,Timor-Leste,2004,,S/RES/1543
S/PV.4972,19 May,SC/8098,"Middle East situation, including the Palestinian question",2004,,S/RES/1544
S/PV.4975,21 May,SC/8101,Burundi,2004,,S/RES/1545
S/PV.4987,8 June,SC/8117,Iraq-Kuwait,2004,,S/RES/1546
S/PV.4988,11 June,SC/8120,Sudan,2004,,S/RES/1547
S/PV.4989,11 June,SC/8121,Cyprus,2004,,S/RES/1548
S/PV.4991,17 June,SC/8126,Liberia,2004,,S/RES/1549
S/PV.4998,29 June,SC/8137,Middle East — UNDOF,2004,,S/RES/1550
S/PV.5001,9 July,SC/8144,Bosnia and Herzegovina,2004,,S/RES/1551
S/PV.5011,27 July,SC/8156,Democratic Republic of the Congo,2004,,S/RES/1552
S/PV.5012,29 July,SC/8157,Middle East — UNIFIL,2004,,S/RES/1553
S/PV.5013,29 July,SC/8158,Georgia,2004,,S/RES/1554
S/PV.5014,29 July,SC/8159,Democratic Republic of the Congo,2004,,S/RES/1555
S/PV.5015+Corr.1,30 July,SC/8160,Sudan,2004,,S/RES/1556
S/PV.5020,12 August,SC/8167,Iraq-Kuwait,2004,,S/RES/1557
S/PV.5022,17 August,SC/8169,Somalia,2004,,S/RES/1558
S/PV.5028,2 Sep.,SC/8181,Middle East — Lebanon,2004,,S/RES/1559
S/PV.5032,14 September,SC/8185,Eritrea-Ethiopia,2004,,S/RES/1560
S/PV.5036,17 September,SC/8187,Liberia,2004,,S/RES/1561
S/PV.5037,17 September,SC/8188,Sierra Leone,2004,,S/RES/1562
S/PV.5038,17 September,SC/8189,Afghanistan,2004,,S/RES/1563
S/PV.5040,18 September,SC/8191,Sudan,2004,,S/RES/1564
S/PV.5048,1 October,SC/8203,Democratic Republic of the Congo,2004,,S/RES/1565
S/PV.5053,8 October,SC/8214,Peace and security — terrorist acts,2004,,S/RES/1566
S/PV.5057,14 October,SC/8218,International Tribunal — Yugoslavia,2004,,S/RES/1567
S/PV.5061,22 October,SC/8223,Cyprus,2004,,S/RES/1568
S/PV.5063,26 October,SC/8224,Security Council meetings in Nairobi (18-19 November 2004),2004,,S/RES/1569
S/PV.5068,28 October,SC/8232,Western Sahara,2004,,S/RES/1570
S/PV.5070,4 November,SC/8235,ICJ — Election,2004,,S/RES/1571
S/PV.5078,15 November,SC/8245,Côte d'Ivoire,2004,,S/RES/1572
S/PV.5079,16 November,SC/8246,Timor-Leste,2004,,S/RES/1573
S/PV.5082(meeting held in Nairobi),19 November,SC/8249,Sudan,2004,,S/RES/1574
S/PV.5085,22 November,SC/8250,Bosnia and Herzegovina,2004,,S/RES/1575
S/PV.5090,29 November,SC/8254,Haiti,2004,,S/RES/1576
S/PV.5093,1 December,SC/8258,Burundi,2004,,S/RES/1577
S/PV.5101,15 December,SC/8268,Middle East — UNDOF,2004,,S/RES/1578
S/PV.5105,21 December,SC/8275,Liberia,2004,,S/RES/1579
S/PV.5107,22 December,SC/8278,Guinea-Bissau,2004,,S/RES/1580
S/PV.5112,18 January,SC/8294,International Tribunal — Yugoslavia,2005,,S/RES/1581
S/PV.5116,28 January,SC/8298,Georgia,2005,,S/RES/1582
S/PV.5117,28 January,SC/8299,Middle East — UNIFIL,2005,,S/RES/1583
S/PV.5118,1 February,SC/8304,Côte d'Ivoire,2005,,S/RES/1584
S/PV.5137,10 March,SC/8332,Sudan,2005,,S/RES/1585
S/PV.5139,14 March,SC/8334,Eritrea-Ethiopia,2005,,S/RES/1586
S/PV.5142,15 March,SC/8337,Somalia,2005,,S/RES/1587
S/PV.5143,17 March,SC/8338,Sudan,2005,,S/RES/1588
S/PV.5148,24 March,SC/8341,Afghanistan,2005,,S/RES/1589
S/PV.5151,24 March,SC/8343,Sudan,2005,,S/RES/1590
S/PV.5153,29 March,SC/8346,Sudan,2005,,S/RES/1591
S/PV.5155,30 March,SC/8347,Democratic Republic of the Congo,2005,,S/RES/1592
S/PV.5158,31 March,SC/8351,Sudan,2005,,S/RES/1593
S/PV.5159,4 April,SC/8352,Côte d'Ivoire,2005,,S/RES/1594
S/PV.5160,7 April,SC/8353,Middle East — Lebanon,2005,,S/RES/1595
S/PV.5163,18 April,SC/8361,Democratic Republic of the Congo,2005,,S/RES/1596
S/PV.5165,20 April,SC/8364,International Tribunal — Yugoslavia,2005,,S/RES/1597
S/PV.5170,28 April,SC/8370,Western Sahara,2005,,S/RES/1598
S/PV.5171,28 April,SC/8371,Timor-Leste,2005,,S/RES/1599
S/PV.5173,4 May,SC/8378,Côte d'Ivoire,2005,,S/RES/1600
S/PV.5192,31 May,SC/8401,Haiti,2005,,S/RES/1601
S/PV.5193,31 May,SC/8402,Burundi,2005,,S/RES/1602
S/PV.5194,3 June,SC/8404,Côte d'Ivoire,2005,,S/RES/1603
S/PV.5202,15 June,SC/8412,Cyprus,2005,,S/RES/1604
S/PV.5205,17 June,SC/8416,UNDOF,2005,,S/RES/1605
S/PV.5207,20 June,SC/8418,Burundi,2005,,S/RES/1606
S/PV.5208,21 June,SC/8419,Liberia,2005,,S/RES/1607
S/PV.5210,22 June,SC/8421,Haiti,2005,,S/RES/1608
S/PV.5213,24 June,SC/8426,Côte d'Ivoire,2005,,S/RES/1609
S/PV.5219,30 June,SC/8432,Sierra Leone,2005,,S/RES/1610
S/PV.5223,7 July,SC/8438,Peace and security — terrorist acts,2005,,S/RES/1611
S/PV.5235,26 July,SC/8458,Children and armed conflict,2005,,S/RES/1612
S/PV.5236,26 July,SC/8459,International Tribunal — Yugoslavia,2005,,S/RES/1613
S/PV.5241,29 July,SC/8465,Middle East — UNIFIL,2005,,S/RES/1614
S/PV.5242,29 July,SC/8466,Georgia,2005,,S/RES/1615
S/PV.5243,29 July,SC/8467,Democratic Republic of the Congo,2005,,S/RES/1616
S/PV.5244,29 July,SC/8468,Peace and security — terrorist acts,2005,,S/RES/1617
S/PV.5246,4 August,SC/8471,Peace and security — terrorist acts,2005,,S/RES/1618
S/PV.5247,11 August,SC/8473,Iraq,2005,,S/RES/1619
S/PV.5254,31 August,SC/8487,Sierra Leone,2005,,S/RES/1620
S/PV.5255,6 September,SC/8491,Democratic Republic of the Congo,2005,,S/RES/1621
S/PV.5259,13 September,SC/8494,Eritrea-Ethiopia,2005,,S/RES/1622
S/PV.5260,13 September,SC/8495,Afghanistan,2005,,S/RES/1623
S/PV.5261,14 September,SC/8496,"Peace and security — terrorist acts


      Peace and security — Africa",2005,,S/RES/1624
S/PV.5263,19 September,SC/8499,Liberia,2005,,S/RES/1626
S/PV.5269,23 September,SC/8509,Sudan,2005,,S/RES/1627
S/PV.5272,30 September,SC/8513,Democratic Republic of the Congo,2005,,S/RES/1628
S/PV.5273,30 September,SC/8514,International Tribunal — Yugoslavia,2005,,S/RES/1629
S/PV.5280,14 October,SC/8523,Somalia,2005,,S/RES/1630
S/PV.5282 (Resumption 1),17 October,SC/8526,Cooperation between the United Nations and regional organizations in maintaining international peace and security,2005,,S/RES/1631
S/PV.5283,18 October,SC/8529,Côte d'Ivoire,2005,,S/RES/1632
S/PV.5288,21 October,SC/8532,Côte d'Ivoire,2005,,S/RES/1633
S/PV.5295,28 October,SC/8540,Western Sahara,2005,,S/RES/1634
S/PV.5296,28 October,SC/8541,Democratic Republic of the Congo,2005,,S/RES/1635
S/PV.5297,31 October,SC/8543,Middle East situation,2005,,S/RES/1636
S/PV.5300,8 November,SC/8550,Iraq,2005,,S/RES/1637
S/PV.5304,11 November,SC/8554,Liberia,2005,,S/RES/1638
S/PV.5307,21 November,SC/8560,Bosnia and Herzegovina,2005,,S/RES/1639
S/PV.5308,23 November,SC/8561,Eritrea-Ethiopia,2005,,S/RES/1640
S/PV.5311,30 November,SC/8564,Burundi,2005,,S/RES/1641
S/PV.5324,14 December,SC/8582,Cyprus,2005,,S/RES/1642
S/PV.5327,15 December,SC/8585,Côte d'Ivoire,2005,,S/RES/1643
S/PV.5329,15 December,SC/8587,Middle East situation,2005,,S/RES/1644
S/PV.5335,20 December,SC/8593,Post-conflict peacebuilding,2005,,S/RES/1645
S/PV.5336,20 December,SC/8594,Liberia,2005,,S/RES/1647
S/PV.5339,21 December,SC/8598,Middle East situation,2005,,S/RES/1648
S/PV.5340,21 December,SC/8599,Democratic Republic of the Congo,2005,,S/RES/1649
S/PV.5341,21 December,SC/8600,Burundi,2005,,S/RES/1650
S/PV.5342,21 December,SC/8601,Sudan,2005,,S/RES/1651
S/PV.5354,24 January,SC/8619,Côte d'Ivoire,2006,,S/RES/1652
S/PV.5359 (Resumption 1),27 January,SC/8621,Great Lakes region,2006,,S/RES/1653
S/PV.5360,31 January,SC/8622,Democratic Republic of the Congo,2006,,S/RES/1654
S/PV.5362,31 January,SC/8625,Middle East situation,2006,,S/RES/1655
S/PV.5363,31 January,SC/8626,Georgia,2006,,S/RES/1656
S/PV.5366,6 February,SC/8630,Côte d'Ivoire,2006,,S/RES/1657
S/PV.5372,14 February,SC/8639,Haiti,2006,,S/RES/1658
S/PV.5374,15 February,SC/8641,Afghanistan,2006,,S/RES/1659
S/PV.5382,28 February,SC/8653,International Tribunal — Yugoslavia,2006,,S/RES/1660
S/PV.5384,14 March,SC/8659,Eritrea-Ethiopia,2006,,S/RES/1661
S/PV.5393,23 March,SC/8669,Afghanistan,2006,,S/RES/1662
S/PV.5396,24 March,SC/8672,Sudan,2006,,S/RES/1663
S/PV.5401,29 March,SC/8677,Middle East situation,2006,,S/RES/1664
S/PV.5402,29 March,SC/8678,Sudan,2006,,S/RES/1665
S/PV.5405,31 March,SC/8683,Georgia,2006,,S/RES/1666
S/PV.5406,31 March,SC/8684,Liberia,2006,,S/RES/1667
S/PV.5407,10 April,SC/8686,International Tribunal — Yugoslavia,2006,,S/RES/1668
S/PV.5408,10 April,SC/8687,Democratic Republic of the Congo,2006,,S/RES/1669
S/PV.5410,13 April,SC/8689,Eritrea-Ethiopia,2006,,S/RES/1670
S/PV.5421,25 April,SC/8698,Democratic Republic of the Congo,2006,,S/RES/1671
S/PV.5423,25 April,SC/8700,Sudan,2006,,S/RES/1672
S/PV.5429,27 April,SC/8708,Non-proliferation of weapons of mass destruction,2006,,S/RES/1673
S/PV.5430,28 April,SC/8710,Civilians in armed conflict,2006,,S/RES/1674
S/PV.5431,28 April,SC/8711,Western Sahara,2006,,S/RES/1675
S/PV.5435,10 May,SC/8715,Somalia,2006,,S/RES/1676
S/PV.5436,12 May,SC/8716,Timor-Leste,2006,,S/RES/1677
S/PV.5437,15 May,SC/8718,Eritrea-Ethiopia,2006,,S/RES/1678
S/PV.5439,16 May,SC/8721,Sudan,2006,,S/RES/1679
S/PV.5440,17 May,SC/8723,Middle East situation,2006,,S/RES/1680
S/PV.5450,31 May,SC/8736,Eritrea-Ethiopia,2006,,S/RES/1681
S/PV.5451,2 June,SC/8737,Côte d'Ivoire,2006,,S/RES/1682
S/PV.5454,13 June,SC/8742,Liberia,2006,,S/RES/1683
S/PV.5455,13 June,SC/8743,International Tribunal — Rwanda,2006,,S/RES/1684
S/PV.5456,13 June,SC/8744,Middle East situation,2006,,S/RES/1685
S/PV.5461,15 June,SC/8749,Middle East situation,2006,,S/RES/1686
S/PV.5465,15 June,SC/8753,Cyprus,2006,,S/RES/1687
S/PV.5467,16 June,SC/8755,Sierra Leone,2006,,S/RES/1688
S/PV.5468,20 June,SC/8756,Liberia,2006,,S/RES/1689
S/PV.5469,20 June,SC/8757,Timor-Leste,2006,,S/RES/1690
S/PV.5473,22 June,SC/8761,Admission of new Members,2006,,S/RES/1691
S/PV.5479,30 June,SC/8766,Burundi,2006,,S/RES/1692
S/PV.5480,30 June,SC/8767,Security Council mission — Democratic Republic of the Congo,2006,,S/RES/1693
S/PV.5487,13 July,SC/8774,Liberia,2006,,S/RES/1694
S/PV.5490,15 July,SC/8778,Democratic People's Republic of Korea,2006,,S/RES/1695
S/PV.5500,31 July,SC/8792,Non-proliferation,2006,,S/RES/1696
S/PV.5501,31 July,SC/8793,Middle East situation,2006,,S/RES/1697
S/PV.5502,31 July,SC/8794,Democratic Republic of the Congo,2006,,S/RES/1698
S/PV.5507,8 August,SC/8803,Sanctions,2006,,S/RES/1699
S/PV.5510,10 August,SC/8807,Iraq,2006,,S/RES/1700
S/PV.5511+Corr.1,11 August,SC/8808,Middle East situation,2006,,S/RES/1701
S/PV.5513,15 August,SC/8811,Haiti,2006,,S/RES/1702
S/PV.5514,18 August,SC/8812,Timor-Leste,2006,,S/RES/1703
S/PV.5516,25 August,SC/8817,Timor-Leste,2006,,S/RES/1704
S/PV.5518,29 August,SC/8819,International Tribunal — Rwanda,2006,,S/RES/1705
S/PV.5519,31 August,SC/8821,Sudan,2006,,S/RES/1706
S/PV.5521,12 September,SC/8826,Afghanistan,2006,,S/RES/1707
S/PV.5524,14 September,SC/8830,Côte d'Ivoire,2006,,S/RES/1708
S/PV.5532+Corr.1,22 September,SC/8838,Sudan,2006,,S/RES/1709
S/PV.5540,29 September,SC/8842,Eritrea-Ethiopia,2006,,S/RES/1710
S/PV.5541,29 September,SC/8843,Democratic Republic of the Congo,2006,,S/RES/1711
S/PV.5542,29 September,SC/8844,Liberia,2006,,S/RES/1712
S/PV.5543,29 September,SC/8845,Sudan,2006,,S/RES/1713
S/PV.5545,6 October,SC/8848,Sudan,2006,,S/RES/1714
S/PV.5547(closed),9 October,None issued,Recommendation for the appointment of the Secretary-General of the United Nations,2006,,Communiqué+S/RES/1715
S/PV.5549,13 October,SC/8851,Georgia,2006,,S/RES/1716
S/PV.5550,13 October,SC/8852,International Tribunal — Rwanda,2006,,S/RES/1717
S/PV.5551,14 October,SC/8853,Non-proliferation / Democratic People's Republic of Korea,2006,,S/RES/1718
S/PV.5554,25 October,SC/8857,Burundi,2006,,S/RES/1719
S/PV.5560,31 October,SC/8860,Western Sahara,2006,,S/RES/1720
S/PV.5561,1 November,SC/8861,Côte d'Ivoire,2006,,S/RES/1721
S/PV.5567,21 November,SC/8871,Bosnia and Herzegovina,2006,,S/RES/1722
S/PV.5574,28 November,SC/8879,Iraq,2006,,S/RES/1723
S/PV.5575,29 November,SC/8880,Somalia,2006,,S/RES/1724
S/PV.5579,6 December,SC/8887,Somalia,2006,,S/RES/1725
S/PV.5591,15 December,SC/8903,Côte d'Ivoire,2006,,S/RES/1726
S/PV.5592,15 December,SC/8904,Côte d'Ivoire,2006,,S/RES/1727
S/PV.5593,15 December,SC/8905,Cyprus,2006,,S/RES/1728
S/PV.5596,15 December,SC/8908,Middle East situation,2006,,S/RES/1729
S/PV.5599,19 December,SC/8913,Sanctions,2006,,S/RES/1730
S/PV.5602,20 December,SC/8916,Liberia,2006,,S/RES/1731
S/PV.5605,21 December,SC/8919,Sanctions,2006,,S/RES/1732
S/PV.5607,22 December,SC/8922,Tribute to Kofi Annan,2006,,S/RES/1733
S/PV.5608,22 December,SC/8924,Sierra Leone,2006,,S/RES/1734
S/PV.5609,22 December,SC/8925,Peace and security — terrorist acts,2006,,S/RES/1735
S/PV.5610,22 December,SC/8926,Democratic Republic of the Congo,2006,,S/RES/1736
S/PV.5612,23 December,SC/8928,Non-proliferation — Iran,2006,,S/RES/1737
S/PV.5613,23 December,SC/8929,Civilians in armed conflict,2006,,S/RES/1738
S/PV.5617,10 January,SC/8937,Côte d'Ivoire,2007,,S/RES/1739
S/PV.5622,23 January,SC/8942,Nepal,2007,,S/RES/1740
S/PV.5626,30 January,SC/8944,Eritrea-Ethiopia,2007,,S/RES/1741
S/PV.5630,15 February,SC/8955,Democratic Republic of the Congo,2007,,S/RES/1742
S/PV.5631,15 February,SC/8956,Haiti,2007,,S/RES/1743
S/PV.5633,20 February,SC/8960,Somalia,2007,,S/RES/1744
S/PV.5634,22 February,SC/8962,Timor-Leste,2007,,S/RES/1745
S/PV.5645,23 March,SC/8977,Afghanistan,2007,,S/RES/1746
S/PV.5647,24 March,SC/8980,Non-proliferation — Iran,2007,,S/RES/1747
S/PV.5648,27 March,SC/8982,Middle East situation,2007,,S/RES/1748
S/PV.5650,28 March,SC/8985,Rwanda,2007,,S/RES/1749
S/PV.5652,30 March,SC/8990,Liberia,2007,,S/RES/1750
S/PV.5660,13 April,SC/8996,Democratic Republic of the Congo,2007,,S/RES/1751
S/PV.5661,13 April,SC/8997,Georgia,2007,,S/RES/1752
S/PV.5668,27 April,SC/9006,Liberia,2007,,S/RES/1753
S/PV.5669,30 April,SC/9007,Western Sahara,2007,,S/RES/1754
S/PV.5670,30 April,SC/9008,Sudan,2007,,S/RES/1755
S/PV.5674,15 May,SC/9016,Democratic Republic of the Congo,2007,,S/RES/1756
S/PV.5685,30 May,SC/9029,Middle East situation,2007,,S/RES/1757
S/PV.5696,15 June,SC/9047,Cyprus,2007,,S/RES/1758
S/PV.5698,20 June,SC/9050,Middle East situation,2007,,S/RES/1759
S/PV.5699,20 June,SC/9051,Liberia,2007,,S/RES/1760
S/PV.5700,20 June,SC/9052,Côte d'Ivoire,2007,,S/RES/1761
S/PV.5710,29 June,SC/9064,Iraq,2007,,S/RES/1762
S/PV.5711,29 June,SC/9065,Côte d'Ivoire,2007,,S/RES/1763
S/PV.5713,29 June,SC/9067,Bosnia and Herzegovina,2007,,S/RES/1764
S/PV.5716,16 July,SC/9078,Côte d'Ivoire,2007,,S/RES/1765
S/PV.5720,23 July,SC/9083,Somalia,2007,,S/RES/1766
S/PV.5725,30 July,SC/9086,Eritrea-Ethiopia,2007,,S/RES/1767
S/PV.5726,31 July,SC/9088,Democratic Republic of the Congo,2007,,S/RES/1768
S/PV.5727,31 July,SC/9089,Sudan,2007,,S/RES/1769
S/PV.5729,10 August,SC/9095,Iraq,2007,,S/RES/1770
S/PV.5730,10 August,SC/9097,Democratic Republic of the Congo,2007,,S/RES/1771
S/PV.5732,20 August,SC/9101,Somalia,2007,,S/RES/1772
S/PV.5733,24 August,SC/9102,Middle East situation,2007,,S/RES/1773
S/PV.5741,14 September,SC/9114,International Tribunal — Rwanda,2007,,S/RES/1774
S/PV.5742,14 September,SC/9115,International Tribunal — Yugoslavia,2007,,S/RES/1775
S/PV.5744,19 September,SC/9122,Afghanistan,2007,,S/RES/1776
S/PV.5745,20 September,SC/9123,Liberia,2007,,S/RES/1777
S/PV.5748,25 September,SC/9127,"Chad, the Central African Republic and the subregion",2007,,S/RES/1778
S/PV.5750,28 September,SC/9131,Sudan,2007,,S/RES/1779
S/PV.5758,15 October,SC/9141,Haiti,2007,,S/RES/1780
S/PV.5759,15 October,SC/9142,Georgia,2007,,S/RES/1781
S/PV.5772,29 October,SC/9158,Côte d'Ivoire,2007,,S/RES/1782
S/PV.5773,31 October,SC/9159,Western Sahara,2007,,S/RES/1783
S/PV.5774,31 October,SC/9160,Reports of the Secretary-General on the Sudan,2007,,S/RES/1784
S/PV.5782,21 November,SC/9176,Bosnia and Herzegovina,2007,,S/RES/1785
S/PV.5785,28 November,SC/9179,International Tribunal — Yugoslavia,2007,,S/RES/1786
S/PV.5795,10 December,SC/9191,Peace and security — terrorist acts,2007,,S/RES/1787
S/PV.5802,14 December,SC/9200,Middle East situation,2007,,S/RES/1788
S/PV.5803,14 December,SC/9201,Cyprus,2007,,S/RES/1789
S/PV.5808,18 December,SC/9207,Iraq,2007,,S/RES/1790
S/PV.5809,19 December,SC/9208,Burundi,2007,,S/RES/1791
S/PV.5810,19 December,SC/9209,Liberia,2007,,S/RES/1792
S/PV.5813,21 December,SC/9212,Sierra Leone,2007,,S/RES/1793
S/PV.5814,21 December,SC/9213,Democratic Republic of the Congo,2007,,S/RES/1794
S/PV.5820,15 January,SC/9225,Côte d'Ivoire,2008,,S/RES/1795  
S/PV.5825,23 January,SC/9233,Report of the Secretary-General on the request of Nepal for United   Nations assistance in support of its peace process,2008,,S/RES/1796  
S/PV.5828,30 January,SC/9236,Democratic Republic of the Congo,2008,,S/RES/1797  
S/PV.5829,30 January,SC/9237,Eritrea-Ethiopia,2008,,S/RES/1798  
S/PV.5836,15 February,SC/9248,Democratic Republic of the Congo,2008,,S/RES/1799  
S/PV.5841,20 February,SC/9257,International Tribunal — Yugoslavia,2008,,S/RES/1800  
S/PV.5842,20 February,SC/9258,Somalia,2008,,S/RES/1801  
S/PV.5844,25 February,SC/9262,Timor-Leste,2008,,S/RES/1802  
S/PV.5848,3 March,SC/9268,Non-proliferation — Iran,2008,,S/RES/1803  
S/PV.5852,13 March,SC/9275,Great Lakes region,2008,,S/RES/1804  
S/PV.5856,20 March,SC/9280,Peace and security — terrorist acts,2008,,S/RES/1805  
S/PV.5857,20 March,SC/9281,Afghanistan,2008,,S/RES/1806  
S/PV.5861,31 March,SC/9289,Democratic Republic of the Congo,2008,,S/RES/1807  
S/PV.5866,15 April,SC/9299,Georgia,2008,,S/RES/1808  
S/PV.5868   (Resumption 1),16 April,SC/9301,Peace and security in Africa,2008,,S/RES/1809  
S/PV.5877,25 April,SC/9310,Non-proliferation of weapons of mass destruction,2008,,S/RES/1810  
S/PV.5879,29 April,SC/9314,Somalia,2008,,S/RES/1811  
S/PV.5882,30 April,SC/9317,Sudan,2008,,S/RES/1812  
S/PV.5884,30 April,SC/9319,Western Sahara,2008,,S/RES/1813  
S/PV.5893,15 May,SC/9331,Somalia,2008,,S/RES/1814  
S/PV.5901,2 June,SC/9343,Middle East situation,2008,,S/RES/1815  
S/PV.5902,2 June,SC/9344,Somalia,2008,,S/RES/1816  
S/PV.5907,11 June,SC/9352,Afghanistan,2008,,S/RES/1817  
S/PV.5911,13 June,SC/9357,Cyprus,2008,,S/RES/1818  
S/PV.5914,18 June,SC/9362,Liberia,2008,,S/RES/1819  
S/PV.5916   (Resumption 1),19 June,SC/9364,Women and peace and security,2008,,S/RES/1820  
S/PV.5926,27 June,SC/9378,Middle East situation,2008,,S/RES/1821  
S/PV.5928,30 June,SC/9381,Peace and security — terrorist acts,2008,,S/RES/1822  
S/PV.5931,10 July,SC/9393,Rwanda,2008,,S/RES/1823  
S/PV.5937,18 July,SC/9400,International Tribunal — Rwanda,2008,,S/RES/1824  
S/PV.5941,23 July,SC/9403,Report of the Secretary-General — Nepal,2008,,S/RES/1825  
S/PV.5945,29 July,SC/9409,Côte d'Ivoire,2008,,S/RES/1826  
S/PV.5946,30 July,SC/9410,Eritrea-Ethiopia,2008,,S/RES/1827  
S/PV.5947,31 July,SC/9412,Sudan,2008,,S/RES/1828  
S/PV.5948,4 August,SC/9414,Sierra Leone,2008,,S/RES/1829  
S/PV.5950,7 August,SC/9416,Iraq,2008,,S/RES/1830  
S/PV.5957,19 August,SC/9426,Somalia,2008,,S/RES/1831  
S/PV.5967,27 August,SC/9435,Middle East situation,2008,,S/RES/1832  
S/PV.5977,22 September,SC/9450,Afghanistan,2008,,S/RES/1833  
S/PV.5981,24 September,SC/9454,"Chad, the Central African Republic and the subregion",2008,,S/RES/1834  
S/PV.5984,27 September,SC/9459,Non-proliferation,2008,,S/RES/1835  
S/PV.5985,29 September,SC/9461,Liberia,2008,,S/RES/1836  
S/PV.5986,29 September,SC/9462,International Tribunal — Yugoslavia,2008,,S/RES/1837  
S/PV.5987,7 October,SC/9467,Somalia,2008,,S/RES/1838  
S/PV.5992,9 October,SC/9470,Georgia,2008,,S/RES/1839  
S/PV.5993,14 October,SC/9471,Haiti,2008,,S/RES/1840  
S/PV.5996,15 October,SC/9474,Sudan,2008,,S/RES/1841  
S/PV.6004,29 October,SC/9486,Côte d'Ivoire,2008,,S/RES/1842  
S/PV.6018,20 November,SC/9503,Democratic Republic of the Congo,2008,,S/RES/1843  
S/PV.6019,20 November,SC/9504,Somalia,2008,,S/RES/1844  
S/PV.6021,20 November,SC/9507,Bosnia and Herzegovina,2008,,S/RES/1845  
S/PV.6026,2 December,SC/9514,Somalia,2008,,S/RES/1846
S/PV.6038,12 December,SC/9532,Cyprus,2008,,S/RES/1847
S/PV.6039,12 December,SC/9533,Middle East situation,2008,,S/RES/1848
S/PV.6040,12 December,SC/9534,International Tribunal — Yugoslavia,2008,,S/RES/1849
S/PV.6045,16 December,SC/9539,"Middle East situation, including the Palestinian question",2008,,S/RES/1850
S/PV.6046,16 December,SC/9541,Somalia,2008,,S/RES/1851
S/PV.6048,17 December,SC/9543,Middle East situation,2008,,S/RES/1852
S/PV.6050,19 December,SC/9546,Somalia,2008,,S/RES/1853
S/PV.6051,19 December,SC/9547,Liberia,2008,,S/RES/1854
S/PV.6052,19 December,SC/9548,International Tribunal — Rwanda,2008,,S/RES/1855
S/PV.6055,22 December,SC/9552,Democratic Republic of the Congo,2008,,S/RES/1856
S/PV.6056,22 December,SC/9553,Democratic Republic of the Congo,2008,,S/RES/1857
S/PV.6057,22 December,SC/9554,Burundi,2008,,S/RES/1858
S/PV.6059,22 December,SC/9556,Iraq,2008,,S/RES/1859
S/PV.6063,8 January,SC/9567,"Middle East situation, including the Palestinian question",2009,,S/RES/1860
S/PV.6064,14 January,SC/9569,"Chad, the Central African Republic and the subregion",2009,,S/RES/1861
S/PV.6065,14 January,SC/9570,Peace and security in Africa,2009,,S/RES/1862
S/PV.6068,16 January,SC/9574,Somalia,2009,,S/RES/1863
S/PV.6074,23 January,SC/9582,Report of the Secretary-General — Nepal,2009,,S/RES/1864
S/PV.6076,27 January,SC/9584,Côte d'Ivoire,2009,,S/RES/1865
S/PV.6082,13 February,SC/9594,Georgia,2009,,S/RES/1866
S/PV.6086,26 February,SC/9601,Timor-Leste,2009,,S/RES/1867
S/PV.6098,23 March,SC/9624,Afghanistan,2009,,S/RES/1868
S/PV.6099,25 March,SC/9625,Bosnia and Herzegovina,2009,,S/RES/1869
S/PV.6116,30 April,SC/9649,Reports of the Secretary-General — Sudan,2009,,S/RES/1870
S/PV.6117,30 April,SC/9650,Western Sahara,2009,,S/RES/1871
S/PV.6127,26 May,SC/9663,Somalia,2009,,S/RES/1872
S/PV.6132,29 May,SC/9668,Cyprus,2009,,S/RES/1873
S/PV.6141,12 June,SC/9679,Non-proliferation — Democratic People's Republic of Korea,2009,,S/RES/1874
S/PV.6148,23 June,SC/9689,Middle East situation,2009,,S/RES/1875
S/PV.6152,26 June,SC/9693,Guinea-Bissau,2009,,S/RES/1876
S/PV.6155,7 July,SC/9697,International Tribunal — Yugoslavia,2009,,S/RES/1877
S/PV.6156,7 July,SC/9698,International Tribunal — Rwanda,2009,,S/RES/1878
S/PV.6167,23 July,SC/9714,Report of the Secretary-General — Nepal,2009,,S/RES/1879
S/PV.6174,30 July,SC/9720,The situation in Côte d'Ivoire,2009,,S/RES/1880
S/PV.6175,30 July,SC/9721,Report of the Secretary-General — Sudan,2009,,S/RES/1881
S/PV.6176,4 August,SC/9722,Children and armed conflict,2009,,S/RES/1882
S/PV.6179,7 August,SC/9725,Iraq,2009,,S/RES/1883
S/PV.6183,27 August,SC/9737,Middle East situation,2009,,S/RES/1884
S/PV.6188,15 September,SC/9741,Liberia,2009,,S/RES/1885
S/PV.6189,15 September,SC/9742,Sierra Leone,2009,,S/RES/1886
S/PV.6191,24 September,SC/9746,Maintenance of international peace and security,2009,,S/RES/1887
S/PV.6195,30 September,SC/9753,Women and peace and security,2009,,S/RES/1888
S/PV.6196,5 October,SC/9759,Women and peace and security,2009,,S/RES/1889
S/PV.6198,8 October,SC/9762,Afghanistan,2009,,S/RES/1890
S/PV.6199,13 October,SC/9765,Sudan,2009,,S/RES/1891
S/PV.6200,13 October,SC/9766,Haiti,2009,,S/RES/1892
S/PV.6209,29 October,SC/9779,Côte d'Ivoire,2009,,S/RES/1893
S/PV.6216,11 November,SC/9786,Civilians in armed conflict,2009,,S/RES/1894
S/PV.6220,18 November,SC/9792,Bosnia and Herzegovina,2009,,S/RES/1895
S/PV.6225,30 November,SC/9798,Democratic Republic of the Congo,2009,,S/RES/1896
S/PV.6226,30 November,SC/9799,Somalia,2009,,S/RES/1897
S/PV.6239,14 December,SC/9815,Cyprus,2009,,S/RES/1898
S/PV.6241,16 December,SC/9817,Middle East situation,2009,,S/RES/1899
S/PV.6242,16 December,SC/9818,International Tribunal — Yugoslavia,2009,,S/RES/1900
S/PV.6243,16 December,SC/9819,International Tribunal — Rwanda,2009,,S/RES/1901
S/PV.6245,17 December,SC/9823,Burundi,2009,,S/RES/1902
S/PV.6246,17 December,SC/9824,Liberia,2009,,S/RES/1903
S/PV.6247,17 December,SC/9825,Peace and security — terrorist acts,2009,,S/RES/1904
S/PV.6249,21 December,SC/9827,Iraq,2009,,S/RES/1905
S/PV.6253,23 December,SC/9832,Democratic Republic of the Congo,2009,,S/RES/1906
S/PV.6254,23 December,SC/9833,Peace and security in Africa,2009,,S/RES/1907
S/PV.6261,19 January,SC/9847,Haiti,2010,,S/RES/1908
S/PV.6262,21 January,SC/9849,Report of the Secretary-General — Nepal,2010,,S/RES/1909
S/PV.6266,28 January,SC/9855,Somalia,2010,,S/RES/1910
S/PV.6267,28 January,SC/9856,Côte d'Ivoire,2010,,S/RES/1911
S/PV.6278,26 February,SC/9870,Timor-Leste,2010,,S/RES/1912
S/PV.6283,12 March,SC/9880,"Chad, the Central African Republic and the subregion",2010,,S/RES/1913
S/PV.6285,18 March,SC/9883,ICJ — Election,2010,,S/RES/1914
S/PV.6286,18 March,SC/9884,International Tribunal — Yugoslavia,2010,,S/RES/1915
S/PV.6289,19 March,SC/9888,Somalia,2010,,S/RES/1916
S/PV.6290,22 March,SC/9889,Afghanistan,2010,,S/RES/1917
S/PV.6301,27 April,SC/9913,Somalia,2010,,S/RES/1918
S/PV.6304,29 April,SC/9916,Sudan,2010,,S/RES/1919
S/PV.6305,30 April,SC/9917,Western Sahara,2010,,S/RES/1920
S/PV.6311,12 May,SC/9925,Report of the Secretary-General — Nepal,2010,,S/RES/1921
S/PV.6312,12 May,SC/9926,"Chad, the Central African Republic and the subregion",2010,,S/RES/1922
S/PV.6321,25 May,SC/9935,"Chad, the Central African Republic and the subregion",2010,,S/RES/1923
S/PV.6323,27 May,SC/9938,Côte d'Ivoire,2010,,S/RES/1924
S/PV.6324,28 May,SC/9939,Democratic Republic of the Congo,2010,,S/RES/1925
S/PV.6327,2 June,SC/9941,ICJ — election,2010,,S/RES/1926
S/PV.6330,4 June,SC/9944,Haiti,2010,,S/RES/1927
S/PV.6333,7 June,SC/9946,Non-proliferation — Democratic People's Republic of Korea,2010,,S/RES/1928
S/PV.6335,9 June,SC/9948,Non-proliferation,2010,,S/RES/1929
S/PV.6339,15 June,SC/9953,Cyprus,2010,,S/RES/1930
S/PV.6348,29 June,SC/9966,International Tribunal — Yugoslavia,2010,,S/RES/1931
S/PV.6349,29 June,SC/9967,International Tribunal — Rwanda,2010,,S/RES/1932
S/PV.6350,30 June,SC/9969,Côte d'Ivoire,2010,,S/RES/1933
S/PV.6352,30 June,SC/9971,Middle East situation,2010,,S/RES/1934
S/PV.6366,30 July,SC/9997,Report of the Secretary-General — Sudan,2010,,S/RES/1935
S/PV.6369,5 August,SC/10004,Iraq,2010,,S/RES/1936
S/PV.6375,30 August,SC/10017,Middle East situation,2010,,S/RES/1937
S/PV.6383,15 September,SC/10028,Liberia,2010,,S/RES/1938
S/PV.6385,15 September,SC/10030,Report of the Secretary-General — Nepal,2010,,S/RES/1939
S/PV.6392,29 September,SC/10044,Sierra Leone,2010,,S/RES/1940
S/PV.6393,29 September,SC/10045,Côte d'Ivoire,2010,,S/RES/1942
S/PV.6395,13 October,SC/10049,Afghanistan,2010,,S/RES/1943
S/PV.6399,14 October,SC/10054,Haiti,2010,,S/RES/1944
S/PV.6401,14 October,SC/10056,Sudan,2010,,S/RES/1945
S/PV.6402,15 October,SC/10057,Côte d'Ivoire,2010,,S/RES/1946
S/PV.6414,29 October,SC/10074,Post-conflict peacebuilding,2010,,S/RES/1947
S/PV.6426,18 November,SC/10088,Bosnia and Herzegovina,2010,,S/RES/1948
S/PV.6428,23 November,SC/10091,Guinea-Bissau,2010,,S/RES/1949
S/PV.6429,23 November,SC/10092,Somalia,2010,,S/RES/1950
S/PV.6431,24 November,SC/10094,Côte d'Ivoire,2010,,S/RES/1951
S/PV.6432,29 November,SC/10096,Democratic Republic of the Congo,2010,,S/RES/1952
S/PV.6445,14 December,SC/10112,Cyprus,2010,,S/RES/1953
S/PV.6446,14 December,SC/10113,International Tribunal — Yugoslavia,2010,,S/RES/1954
S/PV.6447,14 December,SC/10114,International Tribunal — Rwanda,2010,,S/RES/1955
S/PV.6450,15 December,SC/10118,Iraq,2010,,S/RES/1956
S/PV.6451,16 December,SC/10120,Burundi,2010,,S/RES/1959
S/PV.6453,16 December,SC/10122,Women and peace and security,2010,,S/RES/1960
S/PV.6454,17 December,SC/10128,Liberia,2010,,S/RES/1961
S/PV.6458,20 December,SC/10132,Côte d'Ivoire,2010,,S/RES/1962
S/PV.6459,20 December,SC/10133,Peace and security — terrorist acts,2010,,S/RES/1963
S/PV.6461,22 December,SC/10139,Somalia,2010,,S/RES/1964
S/PV.6462,22 December,SC/10140,Middle East situation,2010,,"S/PRST/2010/30 and 
S/RES/1965"
S/PV.6463,22 December,SC/10141,International Tribunal — Rwanda & Yugoslavia,2010,,S/RES/1966
S/PV.6469,19 January,SC/10156,Côte d'Ivoire,2011,,S/RES/1967
S/PV.6482,16 February,SC/10176,Côte d'Ivoire,2011,,S/RES/1968
S/PV.6487,24 February,SC/10181,Timor-Leste,2011,,S/RES/1969
S/PV.6491,26 February,SC/10187,Peace and security in Africa — Libya,2011,,S/RES/1970
S/PV.6493,3 March,SC/10190,Liberia,2011,,S/RES/1971
S/PV.6496,17 March,SC/10198,Somalia,2011,,S/RES/1972
S/PV.6498,17 March,SC/10200,The situation in Libya,2011,,S/RES/1973
S/PV.6500,22 March,SC/10203,Afghanistan,2011,,S/RES/1974
S/PV.6508,30 March,SC/10215,Côte d'Ivoire,2011,,S/RES/1975
S/PV.6512,11 April,SC/10221,Somalia,2011,,S/RES/1976
S/PV.6518,20 April,SC/10228,Non-proliferation of weapons of mass destruction,2011,,S/RES/1977
S/PV.6522,27 April,SC/10233,Sudan,2011,,S/RES/1978
S/PV.6523,27 April,SC/10234,Western Sahara,2011,,S/RES/1979
S/PV.6525,28 April,SC/10236,Côte d'Ivoire,2011,,S/RES/1980
S/PV.6535,13 May,SC/10251,Côte d'Ivoire,2011,,S/RES/1981
S/PV.6537,17 May,SC/10253,Report of the Secretary-General — Sudan,2011,,S/RES/1982
S/PV.6547,7 June,SC/10272,Maintenance of international peace and security,2011,,S/RES/1983
S/PV.6552,9 June,SC/10276,Non-proliferation,2011,,S/RES/1984
S/PV.6553,10 June,SC/10277,Non-proliferation — Democratic People's Republic of Korea,2011,,S/RES/1985
S/PV.6554,13 June,SC/10279,Cyprus,2011,,S/RES/1986
S/PV.6556(closed),17 June,None issued,Recommendation for the appointment of the Secretary-General of the United Nations,2011,,Communiqué and S/RES/1987
S/PV.6557,17 June,SC/10285,Threats to international peace and security caused by terrorist acts,2011,,S/RES/1988
S/PV.6567,27 June,SC/10298,Report of the Secretary-General — Sudan,2011,,S/RES/1990
S/PV.6568,28 June,SC/10299,Democratic Republic of the Congo,2011,,S/RES/1991
S/PV.6570,29 June,SC/10303,Côte d'Ivoire,2011,,S/RES/1992
S/PV.6571,29 June,SC/10304,International Tribunal — Yugoslavia,2011,,S/RES/1993
S/PV.6572,30 June,SC/10305,Middle East situation,2011,,S/RES/1994
S/PV.6573,6 July,SC/10308,International Tribunal — Rwanda,2011,,S/RES/1995
S/PV.6576,8 July,SC/10314,Sudan,2011,,S/RES/1996
S/PV.6576,8 July,SC/10314,Sudan,2011,,S/RES/1996
S/PV.6579,11 July,SC/10317,Sudan,2011,,S/RES/1997
S/PV.6581,12 July,SC/10319,Children and armed conflict,2011,,S/RES/1998
S/PV.6582,13 July,SC/10322,Admission of new Members — Republic of South Sudan,2011,,S/RES/1999
S/PV.6591,27 July,SC/10342,Côte d'Ivoire,2011,,S/RES/2000
S/PV.6594,28 July,SC/10345,Iraq,2011,,S/RES/2001
S/PV.6596,29 July,SC/10348,Somalia,2011,,S/RES/2002
S/PV.6597,29 July,SC/10349,Sudan,2011,,S/RES/2003
S/PV.6605,30 August,SC/10373,Middle East situation,2011,,S/RES/2004
S/PV.6611,14 September,SC/10381,Sierra Leone,2011,,S/RES/2005
S/PV.6612,14 September,SC/10382,International Tribunal — Rwanda,2011,,S/RES/2006
S/PV.6613,14 September,SC/10383,International Tribunal — Yugoslavia,2011,,S/RES/2007
S/PV.6619,16 September,SC/10388,Liberia,2011,,S/RES/2008
S/PV.6620,16 September,SC/10389,Libya,2011,,S/RES/2009
S/PV.6626,30 September,SC/10399,Somalia,2011,,S/RES/2010
S/PV.6629,12 October,SC/10408,Afghanistan,2011,,S/RES/2011
S/PV.6631,14 October,SC/10411,Haiti,2011,,S/RES/2012
S/PV.6632,14 October,SC/10412,International Tribunal — Rwanda,2011,,S/RES/2013
S/PV.6634,21 October,SC/10418,Middle East situation,2011,,S/RES/2014
S/PV.6635,24 October,SC/10419,Somalia,2011,,S/RES/2015
S/PV.6640,27 October,SC/10424,Libya,2011,,S/RES/2016
S/PV.6644,31 October,SC/10429,Libya,2011,,S/RES/2017
S/PV.6645,31 October,SC/10430,Peace and security in Africa,2011,,S/RES/2018
S/PV.6661,16 November,SC/10451,Bosnia and Herzegovina,2011,,S/RES/2019
S/PV.6663,22 November,SC/10454,Somalia,2011,,S/RES/2020
S/PV.6671,29 November,SC/10464,Democratic Republic of the Congo,2011,,S/RES/2021
S/PV.6673,2 December,SC/10469,Libya,2011,,S/RES/2022
S/PV.6674 (Resumption 1),5 December,SC/10471,Peace and security in Africa,2011,,S/RES/2023
S/PV.6683,14 December,SC/10484,Sudan — Abyei,2011,,S/RES/2024
S/PV.6684,14 December,SC/10485,Liberia,2011,,S/RES/2025
S/PV.6685,14 December,SC/10486,Cyprus,2011,,S/RES/2026
S/PV.6691,20 December,SC/10496,Burundi,2011,,S/RES/2027
S/PV.6693,21 December,SC/10498,Middle East situation,2011,,S/RES/2028
S/PV.6694,21 December,SC/10499,International Tribunal — Rwanda,2011,,S/RES/2029
S/PV.6695,21 December,SC/10500,Guinea Bissau,2011,,S/RES/2030
S/PV.6696,21 December,SC/10501,Central African Republic,2011,,S/RES/2031
S/PV.6699,22 December,SC/10505,Report of the Secretary-General — Sudan,2011,,S/RES/2032
S/PV.6702 (Resumption1),12 January,SC/10519,Cooperation between the UN and regional and subregional organizations in maintaining international peace and security,2012,,S/RES/2033
S/PV.6704,19 January,SC/10523,ICJ — election,2012,,S/RES/2034
S/PV.6716,17 February,SC/10544,Report of the Secretary-General in Sudan,2012,,S/RES/2035
S/PV.6718,22 February,SC/10550,Special report of the Secretary-General on Somalia,2012,,S/RES/2036
S/PV.6721,23 February,SC/10554,Timor-Leste,2012,,S/RES/2037
S/PV.6726,29 February,SC/10561,Yugoslavia and Rwanda,2012,,S/RES/2038
S/PV.6727,29 February,SC/10562,West Africa,2012,,S/RES/2039
S/PV.6733,12 March,SC/10574,Libya,2012,,S/RES/2040
S/PV.6738,22 March,SC/10588,Afghanistan,2012,,S/RES/2041
S/PV.6751,14 April,SC/10609,Middle East,2012,,S/RES/2042
S/PV.6756,21 April,SC/10618,Middle East,2012,,S/RES/2043
S/PV.6758,24 April,SC/10621,Western Sahara,2012,,S/RES/2044
S/PV.6761,26 April,SC/10627,Côte d'Ivoire,2012,,S/RES/2045
S/PV.6764,2 May,SC/10632,Reports of the Secretary-General on the Sudan,2012,,S/RES/2046
S/PV.6773,17 May,SC/10652,Reports of the Secretary-General on the Sudan,2012,,S/RES/2047
S/PV.6774,18 May,SC/10653,Guinea-Bissau,2012,,S/RES/2048
S/PV.6781,7 June,SC/10666,Non-proliferation,2012,,S/RES/2049
S/PV.6783,12 June,SC/10670,Non-proliferation/Democratic People's Republic of Korea,2012,,S/RES/2050
S/PV.6784,12 June,SC/10671,Middle East,2012,,S/RES/2051
S/PV.6791,27 June,SC/10686,Middle East,2012,,S/RES/2052
S/PV.6792,27 June,SC/10687,Democratic Republic of the Congo,2012,,S/RES/2053
S/PV.6794,29 June,SC/10691,International Tribunal - Rwanda ,2012,,S/RES/2054
S/PV.6795,29 June,SC/10692,Non-proliferation of weapons of mass destruction ,2012,,S/RES/2055
S/PV.6798,5 July,SC/10698,Peace and security in Africa ,2012,,S/RES/2056
S/PV.6800,5 July,SC/10701,Report of the Secretary-General in Sudan - South Sudan,2012,,S/RES/2057
S/PV.6809,19 July,SC/10713,Cyprus,2012,,S/RES/2058
S/PV.6812,20 July,SC/10718,Middle East,2012,,S/RES/2059
S/PV.6814,25 July,SC/10725,Somalia,2012,,S/RES/2060
S/PV.6815,25 July,SC/10726,Iraq,2012,,S/RES/2061
S/PV.6817,26 July,SC/10730,The situation in Côte d'Ivoire,2012,,S/RES/2062
S/PV.6819,31 July,SC/10735,Reports of the Secretary-General on the Sudan,2012,,S/RES/2063
S/PV.6825,30 August,SC/10751,The situation in the Middle East,2012,,S/RES/2064
S/PV.6831,12 September,SC/10759,The situation in Sierra Leone,2012,,S/RES/2065
S/PV.6834,17 September,SC/10765,The situation in Liberia,2012,,S/RES/2066
S/PV.6837,18 September,SC/10768,The situation in Somalia,2012,,S/RES/2067
S/PV.6838,19 September,SC/10769,Children and armed conflict,2012,,S/RES/2068
S/PV.6843,9 October,SC/10786,Afghanistan,2012,,S/RES/2069
S/PV.6845,12 October,SC/10788,Haiti,2012,,S/RES/2070
S/PV.6846,12 October,SC/10789,Peace and security in Africa,2012,,S/RES/2071
S/PV.6853,31 October,SC/10804,Somalia,2012,,S/RES/2072
S/PV.6854,7 November,SC/10806,Somalia,2012,,S/RES/2073
S/PV.6861,14 November,SC/10815,Bosnia and Herzegovina,2012,,S/RES/2074
S/PV.6864,16 November,SC/10818,Sudan,2012,,S/RES/2075
S/PV.6866,20 November,SC/10823,Democratic Republic of the Congo,2012,,S/RES/2076
S/PV.6867,21 November,SC/10824,Somalia,2012,,S/RES/2077
S/PV.6873,28 November,SC/10836,Democratic Republic of the Congo,2012,,S/RES/2078
S/PV.6884,12 December,SC/10852,Liberia,2012,,S/RES/2079
S/PV.6885,12 December,SC/10853,International Tribunal - Rwanda,2012,,S/RES/2080
S/PV.6889,17 December,SC/10858,International Tribunal - Yugoslavia,2012,,S/RES/2081
S/PV.6890,17 December,SC/10859,Threats to international peace and security caused by terrorist acts,2012,,S/RES/2082
S/PV.6893,19 December,SC/10862,The situation in the Middle East,2012,,S/RES/2084
S/PV.6898,20 December,SC/10870,The situation in Mali,2012,,S/RES/2085
S/PV.6903,21 January,SC/10888,Peacekeeping operations,2013,,S/RES/2086
S/PV.6904,22 January,SC/10891,Non-proliferation/Democratic People's Republic of Korea,2013,,S/RES/2087
S/PV.6907,24 January,SC/10896,The situation in the Central African Republic,2013,,S/RES/2088
S/PV.6908,24 January,SC/10897,Cyprus,2013,,S/RES/2089
S/PV.6918,13 February,SC/10915,Burundi,2013,,S/RES/2090
S/PV.6920,14 February,SC/10917,Reports of the Secretary-General on the Sudan,2013,,S/RES/2091
S/PV.6924,22 February,SC/10920,The situation in Guinea-Bissau,2013,,S/RES/2092
S/PV.6929,6 March,SC/10931,The situation in Somalia,2013,,S/RES/2093
S/PV.6932,7 March,SC/10934,Non-proliferation — Democratic People's Republic of Korea,2013,,S/RES/2094
S/PV.6934,14 March,SC/10939,The situation in Libya,2013,,S/RES/2095
S/PV.6935,19 March,SC/10943,The situation in Afghanistan,2013,,S/RES/2096
S/PV.6942,26 March,SC/10961,The situation in Sierra Leone,2013,,S/RES/2097
S/PV.6943,28 March,SC/10964,Democratic Republic of the Congo,2013,,S/RES/2098
S/PV.6951,25 April,SC/10986,The situation in Western Sahara,2013,,S/RES/2099
S/PV.6952,25 April,SC/10987,The situation in Mali,2013,,S/RES/2100
S/PV.6953,25 April,SC/10988,The situation in Côte d'Ivoire,2013,,S/RES/2101
S/PV.6959,2 May,SC/10994,The situation in Somalia,2013,,S/RES/2102
S/PV.6968,22 May,SC/11012,The situation in Guinea-Bissau,2013,,S/RES/2103
S/PV.6970,29 May,SC/11017,Reports of the Secretary-General on the Sudan,2013,,S/RES/2104
S/PV.6973,5 June,SC/11023,Non-proliferation,2013,,S/RES/2105
S/PV.6984,24 June,SC/11043,Women and peace and security,2013,,S/RES/2106
S/PV.6990,27 June,SC/11050,The situation between Iraq and Kuwait,2013,,S/RES/2107
S/PV.6991,27 June,SC/11051,The situation in the Middle East,2013,,S/RES/2108
S/PV.6998,11 July,SC/11058,Report of the Secretary-General in Sudan,2013,,S/RES/2109
S/PV.7008,24 July,SC/11074,Iraq,2013,,S/RES/2110
S/PV.7009,24 July,SC/11075,The situation in Somalia,2013,,S/RES/2111
S/PV.7012,30 July,SC/11082,The situation in Côte d'Ivoire,2013,,S/RES/2112
S/PV.7013,30 July,SC/11083,Report of the Secretary-General in Sudan,2013,,S/RES/2113
S/PV.7014,30 July,SC/11084,Cyprus,2013,,S/RES/2114
S/PV.7025,29 August,SC/11106,The situation in the Middle East,2013,,S/RES/2115
S/PV.7033,18 September,SC/11125,The situation in Liberia,2013,,S/RES/2116
S/PV.7036,26 September,SC/11131,Small arms,2013,,S/RES/2117
S/PV.7038,27 September,SC/11135,The situation in Middle East,2013,,S/RES/2118
S/PV.7040,10 October,SC/11142,Haiti,2013,,S/RES/2119
S/PV.7041,10 October,SC/11143,Afghanistan,2013,,S/RES/2120
S/PV.7042,10 October,SC/11144,Central African Republic,2013,,S/RES/2121
S/PV.7044,18 October,SC/11149,Women and peace and security,2013,,S/RES/2122
S/PV.7055,12 November,SC/11171,The situation in Bosnia and Herzegovina,2013,,S/RES/2123
S/PV.7056,12 November,SC/11172,The situation in Somalia,2013,,S/RES/2124
S/PV.7061,18 November,SC/11177,The situation in Somalia,2013,,S/RES/2125
S/PV.7067,25 November,SC/11184,Report of the Secretary-General on the Sudan and South Sudan,2013,,S/RES/2126
S/PV.7072,5 December,SC/11200,Central African Republic,2013,,S/RES/2127
S/PV.7077,10 December,SC/11207,The situation in Liberia,2013,,S/RES/2128
S/PV.7086,17 December,SC/11219,Threats to international peace and security caused by terrorist acts,2013,,S/RES/2129
S/PV.7088,18 December,SC/11222,International Tribunal - Yugoslavia,2013,,S/RES/2130
S/PV.7089,18 December,SC/11223,The situation in the Middle East,2013,,S/RES/2131
S/PV.7091,24 December,SC/11230,Report of the Secretary-General on the Sudan and South Sudan,2013,,S/RES/2132
S/PV.7101,27 January,SC/11262,Threats to international peace and security caused by terrorist acts,2014,,S/RES/2133
S/PV.7155,16 April,SC/11356,Threats to international peace and security,2014,,S/RES/2150
S/PV.7161 (Resumption1) ,28 April,SC/11369,Maintenance of international peace and security,2014,,S/RES/2151
S/PV.7162,29 April,SC/11371,Western Sahara,2014,,S/RES/2152
S/PV.7163,29 April,SC/11372,The situation in Côte d'Ivoire,2014,,S/RES/2153
S/PV.7170,8 May ,SC/11385,Maintenance of international peace and security,2014,,S/RES/2154
S/PV.7182,27 May ,SC/11414,Report of the Secretary-General on the Sudan and South Sudan,2014,,S/RES/2155
S/PV.7186,29 May ,SC/11419,Report of the Secretary-General on the situation in Abyei,2014,,S/RES/2156
S/PV.7187,29 May ,SC/11420,The situation in Guinea-Bissau,2014,,S/RES/2157
S/PV.7188,29 May ,SC/11421,The situation in Somalia,2014,,S/RES/2158
S/PV.7193,9 June,SC/11432,Non-proliferation,2014,,S/RES/2159
S/PV.7198,17 June,SC/11440,Threats to international peace and security caused by terrorist acts,2014,,S/RES/2160
S/PV.7207,25 June,SC/11450,The situation in Côte d'Ivoire,2014,,S/RES/2162
S/PV.7209,25 June,SC/11452,The situation in the Middle East,2014,,S/RES/2163
S/PV.7210,25 June,SC/11453,Mali,2014,,S/RES/2164
S/PV.7216,14 July ,SC/11473,The situation in the Middle East,2014,,S/RES/2165
S/PV.7221,21 July,SC/11483,"Letter dated 28 February 2014 from the Permanent Representative of Ukraine to the United Nations addressed to the 
	President of the Security Council (S/2014/136)",2014,,S/RES/2166
S/PV.7228,28 July,SC/11497,Peacekeeping operations,2014,,S/RES/2167
S/PV.7247,21 August ,SC/11528,Maintenance of international peace and security,2014,,S/RES/2171
S/PV.7248,26 August ,SC/11532,The situation in the Middle East,2014,,S/RES/2172
S/PV.7250,27 August ,SC/11536,Reports of the Secretary-General on the Sudan and South Sudan,2014,,S/RES/2173
S/PV.7251,27 August ,SC/11537,The situation in Libya,2014,,S/RES/2174
S/PV.7256,29 August,SC/11544,Protection of civilians in armed conflict,2014,,S/RES/2175
S/PV.7263,15 September,SC/11559,The situation in Liberia,2014,,S/RES/2176
S/PV.7268,18 September,SC/11566,Peace and security in Africa - Ebola,2014,,S/RES/2177
S/PV.7272,24 September,SC/11580,Threats to international peace and security caused by terrorist acts,2014,,S/RES/2178
S/PV.7276,14 October,SC/11598,Report of the Secretary-General on the situation in Abyei,2014,,S/RES/2179
S/PV.7277,14 October,SC/11599,Haiti,2014,,S/RES/2180
S/PV.7280,21 October,SC/11606,The situation in the Central African Republic,2014,,S/RES/2181
S/PV.7286,24 October,SC/11613,The situation in Somalia,2014,,S/RES/2182
S/PV.7307,11 November,SC/11641,The situation in Bosnia and Herzegovina,2014,,S/RES/2183
S/PV.7309,12 November,SC/11643,The situation in Somalia,2014,,S/RES/2184
S/PV.7317,20 November,SC/11661,Peacekeeping operations,2014,,S/RES/2185
S/PV.7321,25 November,SC/11669,The situation in Guinea-Bissau,2014,,S/RES/2186
S/PV.7322,25 November,SC/11670,Reports of the Secretary-General on the Sudan and South Sudan,2014,,S/RES/2187
S/PV.7328,9 December,SC/11686,The situation in Liberia,2014,,S/RES/2188
S/PV.7338,12 December,SC/11697,The situation in Afghanistan,2014,,S/RES/2189
S/PV.7340,15 December,SC/11702,The situation in Liberia,2014,,S/RES/2190
S/PV.7344,17 December,SC/11708,The situation in the Middle East,2014,,S/RES/2191
S/PV.7346,18 December,SC/11711,The situation in the Middle East,2014,,S/RES/2192
S/PV.7348,18 December,SC/11713,International Tribunal - Yugoslavia,2014,,S/RES/2193
S/PV.7348,18 December,SC/11713,International Tribunal - Rwanda,2014,,S/RES/2194
S/PV.7351,19 December,SC/11717,Threats to international peace and security,2014,,S/RES/2195
S/PV.7396,3 March,SC/11805,Reports of the Secretary-General on the Sudan and South Sudan,2015,,S/RES/2206
S/PV.7397,4 March,SC/11806,Non-proliferation - Democratic People's Republic of Korea,2015,,S/RES/2207
S/PV.7399,5 March,SC/11808,The situation in Libya,2015,,S/RES/2208
S/PV.7401,6 March,SC/11810,The situation the Middle East,2015,,S/RES/2209
S/PV.7403,16 March,SC/11817,The situation in Afghanistan,2015,,S/RES/2210
S/PV.7415,26 March,SC/11834,The Democratic Republic of the Congo,2015,,S/RES/2211
S/PV.7416,26 March,SC/11835,The situation in the Central African Republic,2015,,S/RES/2212
S/PV.7420,27 March,SC/11842,The situation in Libya,2015,,S/RES/2214
S/PV.7423,2 April,SC/11849,The situation in Liberia,2015,,S/RES/2215
S/PV.7426,14 April,SC/11859,The situation in the Middle East,2015,,S/RES/2216
S/PV.7434,28 April,SC/11875,The situation in the Central African Republic,2015,,S/RES/2217
S/PV.7435,28 April,SC/11876,The situation concerning Western Sahara,2015,,S/RES/2218
S/PV.7436,28 April,SC/11877,The situation in Côte d'Ivoire,2015,,S/RES/2219
S/PV.7447,22 May,SC/11901,Small arms,2015,,S/RES/2220
S/PV.7449,26 May,SC/11907,The situation in Somalia,2015,,S/RES/2221
S/PV.7450,27 May,SC/11908,Protection of civilians in armed conflict,2015,,S/RES/2222
S/PV.7451,28 May,SC/11910,Reports of the Secretary-General on the Sudan and South Sudan,2015,,S/RES/2223
S/PV.7458,9 June,SC/11922,Non-proliferation,2015,,S/RES/2224
S/PV.7466,18 June,SC/11932,Children and armed conflict,2015,,S/RES/2225
